BASIC,pack_current,pack_inst_voltage,pack_soc,relay_state,checksum,BMS_TEMP,pack_dcl,pack_ccl,BMS_high_temp,BMS_low_temp,checksum,STRINGS,high_cell_voltage,high_cell_voltage_id,low_cell_voltage,low_cell_voltage_id,checksum,BATTERY_TEMP,cell_high_temp,high_thermistor_id,cell_low_temp,low_thermistor_id,avg_temp,internal_temp,checksum,HEALTH,pack_health,adaptive_total_capacity,input_supply_voltage,checksum,CELL,cell_id,instant_voltage,internal_resistance,open_voltage,checksum,timestamp
BASIC,0,866,100,46312,29,BMS_TEMP,180,48,24,22,203,STRINGS,37743,21,36772,11,21760,BATTERY_TEMP,24,1,22,111,23,25,52736,HEALTH,100,0,126,30039,CELL,4,37681,477,37682,0,2026-03-23 15:02:46.556407
BASIC,0,866,100,46312,29,BMS_TEMP,180,48,24,22,203,STRINGS,37743,21,36772,11,21760,BATTERY_TEMP,24,1,22,111,23,25,52736,HEALTH,100,0,126,30039,CELL,2,37664,477,37663,0,2026-03-23 15:02:47.284536
BASIC,0,866,100,46312,29,BMS_TEMP,180,48,24,22,203,STRINGS,37743,21,36771,11,21504,BATTERY_TEMP,24,1,22,111,23,25,52736,HEALTH,100,0,126,30039,CELL,0,37577,477,37576,0,2026-03-23 15:02:48.012438
BASIC,0,866,100,46312,29,BMS_TEMP,180,48,24,22,203,STRINGS,37743,21,36772,11,21760,BATTERY_TEMP,24,1,22,111,23,25,52736,HEALTH,100,0,126,29782,CELL,21,37733,477,37732,0,2026-03-23 15:02:48.740779
BASIC,0,866,100,46312,29,BMS_TEMP,180,48,24,22,203,STRINGS,37744,21,36772,11,22016,BATTERY_TEMP,24,1,22,111,23,25,52736,HEALTH,100,0,126,30039,CELL,19,37728,477,37728,0,2026-03-23 15:02:49.467460
BASIC,0,866,100,46312,29,BMS_TEMP,180,48,24,22,203,STRINGS,37745,21,36772,11,22272,BATTERY_TEMP,24,1,22,111,23,25,52736,HEALTH,100,0,126,30039,CELL,17,37728,477,37729,0,2026-03-23 15:02:50.195729
BASIC,0,866,100,46312,29,BMS_TEMP,180,48,24,22,203,STRINGS,37743,21,36772,11,21760,BATTERY_TEMP,24,1,22,111,23,25,52736,HEALTH,100,0,126,30039,CELL,15,37740,477,37739,0,2026-03-23 15:02:50.924725
BASIC,0,866,100,46312,29,BMS_TEMP,180,48,24,22,203,STRINGS,37743,21,36771,11,21504,BATTERY_TEMP,24,1,22,111,23,25,52736,HEALTH,100,0,126,30039,CELL,13,37731,477,37731,0,2026-03-23 15:02:51.651615
BASIC,0,866,100,46312,29,BMS_TEMP,180,48,24,22,203,STRINGS,37743,21,36772,11,21760,BATTERY_TEMP,24,1,22,111,23,25,52736,HEALTH,100,0,126,30039,CELL,10,36772,477,36772,0,2026-03-23 15:02:51.859530
BASIC,0,866,100,46312,29,BMS_TEMP,180,48,24,22,203,STRINGS,37743,21,36772,11,21760,BATTERY_TEMP,24,1,22,111,23,25,52736,HEALTH,100,0,126,30039,CELL,16,37735,477,37735,0,2026-03-23 15:02:52.380244
BASIC,0,866,100,46312,29,BMS_TEMP,180,48,24,22,203,STRINGS,37745,21,36772,11,22272,BATTERY_TEMP,24,1,22,111,23,25,52736,HEALTH,100,0,126,30039,CELL,9,37707,477,37707,0,2026-03-23 15:02:52.524793
BASIC,0,866,100,46312,29,BMS_TEMP,180,48,24,22,203,STRINGS,37744,21,36771,11,21760,BATTERY_TEMP,24,1,22,111,23,25,52736,HEALTH,100,0,126,30039,CELL,11,37734,477,37733,0,2026-03-23 15:02:53.837804
BASIC,0,866,100,46312,29,BMS_TEMP,180,48,24,22,203,STRINGS,37744,21,36770,11,21504,BATTERY_TEMP,24,1,22,111,23,25,52736,HEALTH,100,0,126,30039,CELL,5,37710,477,37710,0,2026-03-23 15:02:54.564832
BASIC,0,866,100,46312,29,BMS_TEMP,180,48,24,22,203,STRINGS,37744,21,36771,11,21760,BATTERY_TEMP,24,1,22,111,23,25,52736,HEALTH,100,0,126,30039,CELL,3,37718,477,37718,0,2026-03-23 15:02:55.292515
BASIC,0,866,100,46312,29,BMS_TEMP,180,48,24,22,203,STRINGS,37743,21,36772,11,21760,BATTERY_TEMP,24,1,22,111,23,25,52736,HEALTH,100,0,126,29782,CELL,1,37662,477,37662,0,2026-03-23 15:02:56.020393
BASIC,0,866,100,46312,29,BMS_TEMP,180,48,24,22,203,STRINGS,37742,21,36773,11,21760,BATTERY_TEMP,24,1,22,111,23,25,52736,HEALTH,100,0,126,30039,CELL,22,37733,477,37733,0,2026-03-23 15:02:56.750273
BASIC,0,866,100,46312,29,BMS_TEMP,180,48,24,22,203,STRINGS,37742,21,36772,11,21504,BATTERY_TEMP,24,1,22,111,23,25,52736,HEALTH,100,0,126,30039,CELL,20,37742,477,37742,0,2026-03-23 15:02:57.476304
BASIC,0,866,100,46312,29,BMS_TEMP,180,48,24,22,203,STRINGS,37742,21,36772,11,21504,BATTERY_TEMP,24,1,22,111,23,25,52736,HEALTH,100,0,126,30039,CELL,18,37720,477,37719,0,2026-03-23 15:02:57.683718
BASIC,0,866,100,46312,29,BMS_TEMP,180,48,24,22,203,STRINGS,37743,21,36771,11,21504,BATTERY_TEMP,24,1,22,111,23,25,52736,HEALTH,100,0,126,29782,CELL,1,37662,477,37662,0,2026-03-23 15:02:58.204679
BASIC,0,866,100,46312,29,BMS_TEMP,180,48,24,22,203,STRINGS,37744,21,36771,11,21760,BATTERY_TEMP,24,1,22,111,23,25,52736,HEALTH,100,0,126,30039,CELL,16,37735,477,37736,0,2026-03-23 15:02:58.932440
BASIC,0,866,100,46312,29,BMS_TEMP,180,48,24,22,203,STRINGS,37743,21,36772,11,21760,BATTERY_TEMP,24,1,22,111,23,25,52736,HEALTH,100,0,126,30039,CELL,14,37734,477,37733,0,2026-03-23 15:02:59.663046
BASIC,0,866,100,46312,29,BMS_TEMP,180,48,24,22,203,STRINGS,37745,21,36772,11,22272,BATTERY_TEMP,24,1,22,111,23,25,52736,HEALTH,100,0,126,30039,CELL,12,37729,477,37729,0,2026-03-23 15:03:00.283764
BASIC,0,866,100,46312,29,BMS_TEMP,180,48,24,22,203,STRINGS,37745,21,36772,11,22272,BATTERY_TEMP,24,1,22,111,23,25,52736,HEALTH,100,0,126,30039,CELL,7,37711,477,37711,0,2026-03-23 15:03:01.116780
BASIC,0,866,100,46312,29,BMS_TEMP,180,48,24,22,203,STRINGS,37744,21,36772,11,22016,BATTERY_TEMP,24,1,22,111,23,25,52736,HEALTH,100,0,126,30039,CELL,8,37701,477,37701,0,2026-03-23 15:03:01.845594
BASIC,0,866,100,46312,29,BMS_TEMP,180,48,24,22,203,STRINGS,37743,21,36771,11,21504,BATTERY_TEMP,24,1,22,111,23,25,52736,HEALTH,100,0,126,30039,CELL,6,37708,477,37707,0,2026-03-23 15:03:02.572685
BASIC,0,866,100,46312,29,BMS_TEMP,180,48,24,22,203,STRINGS,37742,21,36771,11,21248,BATTERY_TEMP,24,1,22,111,23,25,52736,HEALTH,100,0,126,30039,CELL,4,37681,477,37681,0,2026-03-23 15:03:02.883631
BASIC,0,866,100,46312,29,BMS_TEMP,180,48,24,22,203,STRINGS,37743,21,36772,11,21760,BATTERY_TEMP,24,1,22,111,23,25,52736,HEALTH,100,0,126,29782,CELL,12,37729,477,37728,0,2026-03-23 15:03:03.299397
BASIC,0,866,100,46312,29,BMS_TEMP,180,48,24,22,203,STRINGS,37743,21,36772,11,21760,BATTERY_TEMP,24,1,22,111,23,25,52736,HEALTH,100,0,126,30039,CELL,2,37665,477,37664,0,2026-03-23 15:03:04.027313
BASIC,0,866,100,46312,29,BMS_TEMP,180,48,24,22,203,STRINGS,37743,21,36772,11,21760,BATTERY_TEMP,24,1,22,111,23,25,52736,HEALTH,100,0,126,30039,CELL,0,37576,477,37575,0,2026-03-23 15:03:06.211272
BASIC,0,866,100,46312,29,BMS_TEMP,180,48,24,22,203,STRINGS,37745,21,36772,11,22272,BATTERY_TEMP,24,1,22,111,23,25,52736,HEALTH,100,0,126,30039,CELL,17,37730,477,37728,0,2026-03-23 15:03:06.941649
BASIC,0,866,100,46312,29,BMS_TEMP,180,48,24,22,203,STRINGS,37744,21,36772,11,22016,BATTERY_TEMP,24,1,22,111,23,25,52736,HEALTH,100,0,126,30039,CELL,20,37744,477,37742,0,2026-03-23 15:03:07.667866
BASIC,0,866,100,46312,29,BMS_TEMP,180,48,24,22,203,STRINGS,37743,21,36772,11,21760,BATTERY_TEMP,24,1,22,111,23,25,52736,HEALTH,100,0,126,30039,CELL,13,37731,477,37731,0,2026-03-23 15:03:08.083503
BASIC,0,866,100,46312,29,BMS_TEMP,180,48,24,22,203,STRINGS,37744,21,36772,11,22016,BATTERY_TEMP,24,1,22,111,23,25,52736,HEALTH,100,0,126,29782,CELL,2,37664,477,37664,0,2026-03-23 15:03:08.291609
BASIC,0,866,100,46312,29,BMS_TEMP,180,48,24,22,203,STRINGS,37744,21,36772,11,22016,BATTERY_TEMP,24,1,22,111,23,25,52736,HEALTH,100,0,126,30039,CELL,7,37710,477,37710,0,2026-03-23 15:03:08.434505
BASIC,0,866,100,46312,29,BMS_TEMP,180,48,24,22,203,STRINGS,37744,21,36770,11,21504,BATTERY_TEMP,24,1,22,111,23,25,52736,HEALTH,100,0,126,30039,CELL,21,37734,477,37733,0,2026-03-23 15:03:09.124178
BASIC,0,866,100,46312,29,BMS_TEMP,180,48,24,22,203,STRINGS,37743,21,36772,11,21760,BATTERY_TEMP,24,1,22,111,23,25,52736,HEALTH,100,0,126,30039,CELL,9,37707,477,37707,0,2026-03-23 15:03:09.852588
BASIC,0,866,100,46312,29,BMS_TEMP,180,48,24,22,203,STRINGS,37743,21,36772,11,21760,BATTERY_TEMP,24,1,22,111,23,25,52736,HEALTH,100,0,126,30039,CELL,7,37711,477,37711,0,2026-03-23 15:03:10.580828
BASIC,0,866,100,46312,29,BMS_TEMP,180,48,24,22,203,STRINGS,37745,21,36772,11,22272,BATTERY_TEMP,24,1,22,111,23,25,52736,HEALTH,100,0,126,30039,CELL,5,37712,477,37711,0,2026-03-23 15:03:11.308601
BASIC,0,866,100,46312,29,BMS_TEMP,180,48,24,22,203,STRINGS,37743,21,36771,11,21504,BATTERY_TEMP,24,1,22,111,23,25,52736,HEALTH,100,0,126,30039,CELL,3,37719,477,37718,0,2026-03-23 15:03:12.036425
BASIC,0,866,100,46312,29,BMS_TEMP,180,48,24,22,203,STRINGS,37743,21,36771,11,21504,BATTERY_TEMP,24,1,22,111,23,25,52736,HEALTH,100,0,126,29782,CELL,1,37662,477,37662,0,2026-03-23 15:03:12.767045
BASIC,0,866,100,46312,29,BMS_TEMP,180,48,24,22,203,STRINGS,37744,21,36771,11,21760,BATTERY_TEMP,24,1,22,111,23,25,52736,HEALTH,100,0,126,30039,CELL,22,37735,477,37734,0,2026-03-23 15:03:13.283984
BASIC,0,866,100,46312,29,BMS_TEMP,180,48,24,22,203,STRINGS,37743,21,36771,11,21504,BATTERY_TEMP,24,1,22,111,23,25,52736,HEALTH,100,0,126,30039,CELL,13,37730,477,37732,0,2026-03-23 15:03:13.494948
BASIC,0,866,100,46312,29,BMS_TEMP,180,48,24,22,203,STRINGS,37743,21,36771,11,21504,BATTERY_TEMP,24,1,22,111,23,25,52736,HEALTH,100,0,126,30039,CELL,20,37743,477,37743,0,2026-03-23 15:03:14.222176
BASIC,0,866,100,46312,29,BMS_TEMP,180,48,24,22,203,STRINGS,37744,21,36770,11,21504,BATTERY_TEMP,24,1,22,111,23,25,52736,HEALTH,100,0,126,30039,CELL,18,37720,477,37718,0,2026-03-23 15:03:14.949713
BASIC,0,866,100,46312,29,BMS_TEMP,180,48,24,22,203,STRINGS,37743,21,36772,11,21760,BATTERY_TEMP,24,1,22,111,23,25,52736,HEALTH,100,0,126,30039,CELL,16,37736,477,37735,0,2026-03-23 15:03:15.678585
BASIC,0,866,100,46312,29,BMS_TEMP,180,48,24,22,203,STRINGS,37743,21,36772,11,21760,BATTERY_TEMP,24,1,22,111,23,25,52736,HEALTH,100,0,126,30039,CELL,14,37733,477,37734,0,2026-03-23 15:03:15.884132
BASIC,0,866,100,46312,29,BMS_TEMP,180,48,24,22,203,STRINGS,37743,21,36772,11,21760,BATTERY_TEMP,24,1,22,111,23,25,52736,HEALTH,100,0,126,30039,CELL,20,37743,477,37743,0,2026-03-23 15:03:16.405021
BASIC,0,866,100,46312,29,BMS_TEMP,180,48,24,22,203,STRINGS,37744,21,36771,11,21760,BATTERY_TEMP,24,1,22,111,23,25,52736,HEALTH,100,0,126,30039,CELL,12,37729,477,37728,0,2026-03-23 15:03:17.133917
BASIC,0,866,100,46312,29,BMS_TEMP,180,48,24,22,203,STRINGS,37743,21,36772,11,21760,BATTERY_TEMP,24,1,22,111,23,25,52736,HEALTH,100,0,126,30039,CELL,10,36772,477,36772,0,2026-03-23 15:03:17.861126
BASIC,0,866,100,46312,29,BMS_TEMP,180,48,24,22,203,STRINGS,37743,21,36772,11,21760,BATTERY_TEMP,24,1,22,111,23,25,52736,HEALTH,100,0,126,30039,CELL,8,37703,477,37701,0,2026-03-23 15:03:18.484356
BASIC,0,866,100,46312,29,BMS_TEMP,180,48,24,22,203,STRINGS,37742,21,36771,11,21248,BATTERY_TEMP,24,1,22,111,23,25,52736,HEALTH,100,0,126,29782,CELL,2,37665,477,37664,0,2026-03-23 15:03:18.628319
BASIC,0,866,100,46312,29,BMS_TEMP,180,48,24,22,203,STRINGS,37744,21,36771,11,21760,BATTERY_TEMP,24,1,22,111,23,25,52736,HEALTH,100,0,126,30039,CELL,6,37706,477,37707,0,2026-03-23 15:03:19.316252
BASIC,0,866,100,46312,29,BMS_TEMP,180,48,24,22,203,STRINGS,37744,21,36772,11,22016,BATTERY_TEMP,24,1,22,111,23,25,52736,HEALTH,100,0,126,30039,CELL,4,37682,477,37681,0,2026-03-23 15:03:20.043473
BASIC,0,866,100,46312,29,BMS_TEMP,180,48,24,22,203,STRINGS,37743,21,36773,11,22016,BATTERY_TEMP,24,1,22,111,23,25,52736,HEALTH,100,0,126,29782,CELL,2,37665,477,37663,0,2026-03-23 15:03:20.774370
BASIC,0,866,100,46312,29,BMS_TEMP,180,48,24,22,203,STRINGS,37744,21,36773,11,22272,BATTERY_TEMP,24,1,22,111,23,25,52736,HEALTH,100,0,126,30039,CELL,0,37577,477,37576,0,2026-03-23 15:03:21.084637
BASIC,0,866,100,46312,29,BMS_TEMP,180,48,24,22,203,STRINGS,37743,21,36772,11,21760,BATTERY_TEMP,24,1,22,111,23,25,52736,HEALTH,100,0,126,30039,CELL,8,37702,477,37701,0,2026-03-23 15:03:21.500453
BASIC,0,866,100,46312,29,BMS_TEMP,180,48,24,22,203,STRINGS,37743,21,36772,11,21760,BATTERY_TEMP,24,1,22,111,23,25,52736,HEALTH,100,0,126,30039,CELL,21,37734,477,37732,0,2026-03-23 15:03:21.915491
BASIC,0,866,100,46312,29,BMS_TEMP,180,48,24,22,203,STRINGS,37743,21,36773,11,22016,BATTERY_TEMP,24,1,22,111,23,25,52736,HEALTH,100,0,126,30039,CELL,17,37730,477,37729,0,2026-03-23 15:03:22.230932
BASIC,0,866,100,46312,29,BMS_TEMP,180,48,24,22,203,STRINGS,37743,21,36772,11,21760,BATTERY_TEMP,24,1,22,111,23,25,52736,HEALTH,100,0,126,29782,CELL,19,37727,477,37728,0,2026-03-23 15:03:22.371462
BASIC,0,866,100,46312,29,BMS_TEMP,180,48,24,22,203,STRINGS,37742,21,36772,11,21504,BATTERY_TEMP,24,1,22,111,23,25,52736,HEALTH,100,0,126,30039,CELL,21,37732,477,37732,0,2026-03-23 15:03:22.956721
BASIC,0,866,100,46312,29,BMS_TEMP,180,48,24,22,203,STRINGS,37744,21,36772,11,22016,BATTERY_TEMP,24,1,22,111,23,25,52736,HEALTH,100,0,126,30039,CELL,17,37729,477,37729,0,2026-03-23 15:03:23.892566
BASIC,0,866,100,46312,29,BMS_TEMP,180,48,24,22,203,STRINGS,37745,21,36772,11,22272,BATTERY_TEMP,24,1,22,111,23,25,52736,HEALTH,100,0,126,30039,CELL,21,37733,477,37732,0,2026-03-23 15:03:24.411245
BASIC,0,866,100,46312,29,BMS_TEMP,180,48,24,22,203,STRINGS,37744,21,36772,11,22016,BATTERY_TEMP,24,1,22,111,23,25,52736,HEALTH,100,0,126,29782,CELL,13,37730,477,37730,0,2026-03-23 15:03:24.931391
BASIC,0,866,100,46312,29,BMS_TEMP,180,48,24,22,203,STRINGS,37743,21,36772,11,21760,BATTERY_TEMP,24,1,22,111,23,25,52736,HEALTH,100,0,126,30039,CELL,4,37682,477,37681,0,2026-03-23 15:03:25.140161
BASIC,0,866,100,46312,29,BMS_TEMP,180,48,24,22,203,STRINGS,37742,21,36772,11,21504,BATTERY_TEMP,24,1,22,111,23,25,52736,HEALTH,100,0,126,30039,CELL,11,37734,477,37734,0,2026-03-23 15:03:25.870954
BASIC,0,866,100,46312,29,BMS_TEMP,180,48,24,22,203,STRINGS,37744,21,36772,11,22016,BATTERY_TEMP,24,1,22,111,23,25,52736,HEALTH,100,0,126,30039,CELL,9,37707,477,37707,0,2026-03-23 15:03:26.179512
BASIC,0,866,100,46312,29,BMS_TEMP,180,48,24,22,203,STRINGS,37743,21,36771,11,21504,BATTERY_TEMP,24,1,22,111,23,25,52736,HEALTH,100,0,126,30039,CELL,17,37729,477,37729,0,2026-03-23 15:03:26.322286
BASIC,0,866,100,46312,29,BMS_TEMP,180,48,24,22,203,STRINGS,37744,21,36771,11,21760,BATTERY_TEMP,24,1,22,111,23,25,52736,HEALTH,100,0,126,30039,CELL,20,37744,477,37743,0,2026-03-23 15:03:26.598328
BASIC,0,866,100,46312,29,BMS_TEMP,180,48,24,22,203,STRINGS,37743,21,36770,11,21248,BATTERY_TEMP,24,1,22,111,23,25,52736,HEALTH,100,0,126,30039,CELL,7,37710,477,37711,0,2026-03-23 15:03:27.325449
BASIC,0,866,100,46312,29,BMS_TEMP,180,48,24,22,203,STRINGS,37744,21,36772,11,22016,BATTERY_TEMP,24,1,22,111,23,25,52736,HEALTH,100,0,126,30039,CELL,4,37682,477,37681,0,2026-03-23 15:03:28.052477
BASIC,0,866,100,46312,29,BMS_TEMP,180,48,24,22,203,STRINGS,37743,21,36772,11,21760,BATTERY_TEMP,24,1,22,111,23,25,52736,HEALTH,100,0,126,29782,CELL,3,37719,477,37719,0,2026-03-23 15:03:28.779807
BASIC,0,866,100,46312,29,BMS_TEMP,180,48,24,22,203,STRINGS,37744,21,36771,11,21760,BATTERY_TEMP,24,1,22,111,23,25,52736,HEALTH,100,0,126,30039,CELL,1,37663,477,37663,0,2026-03-23 15:03:28.924574
BASIC,0,866,100,46312,29,BMS_TEMP,180,48,24,22,203,STRINGS,37743,21,36772,11,21760,BATTERY_TEMP,24,1,22,111,23,25,52736,HEALTH,100,0,126,30039,CELL,14,37734,477,37733,0,2026-03-23 15:03:29.508792
BASIC,0,866,100,46312,29,BMS_TEMP,180,48,24,22,203,STRINGS,37744,21,36772,11,22016,BATTERY_TEMP,24,1,22,111,23,25,52736,HEALTH,100,0,126,30039,CELL,21,37733,477,37733,0,2026-03-23 15:03:31.483259
BASIC,0,866,100,46312,29,BMS_TEMP,180,48,24,22,203,STRINGS,37743,21,36772,11,21760,BATTERY_TEMP,24,1,22,111,23,25,52736,HEALTH,100,0,126,30039,CELL,10,36772,477,36771,0,2026-03-23 15:03:31.691528
BASIC,0,866,100,46312,29,BMS_TEMP,180,48,24,22,203,STRINGS,37743,21,36772,11,21760,BATTERY_TEMP,24,1,22,111,23,25,52736,HEALTH,100,0,126,30039,CELL,16,37735,477,37735,0,2026-03-23 15:03:32.421860
BASIC,0,866,100,46312,29,BMS_TEMP,180,48,24,22,203,STRINGS,37744,21,36771,11,21760,BATTERY_TEMP,24,1,22,111,23,25,52736,HEALTH,100,0,126,30039,CELL,14,37735,477,37734,0,2026-03-23 15:03:33.148546
BASIC,0,866,100,46312,29,BMS_TEMP,180,48,24,22,203,STRINGS,37743,21,36771,11,21504,BATTERY_TEMP,24,1,22,111,23,25,52736,HEALTH,100,0,126,30039,CELL,12,37729,477,37728,0,2026-03-23 15:03:33.878095
BASIC,0,866,100,46312,29,BMS_TEMP,180,48,24,22,203,STRINGS,37744,21,36771,11,21760,BATTERY_TEMP,24,1,22,111,23,25,52736,HEALTH,100,0,126,30039,CELL,10,36771,477,36772,0,2026-03-23 15:03:34.084976
BASIC,0,866,100,46312,29,BMS_TEMP,180,48,24,22,203,STRINGS,37743,21,36773,11,22016,BATTERY_TEMP,24,1,22,111,23,25,52736,HEALTH,100,0,126,30039,CELL,15,37739,477,37739,0,2026-03-23 15:03:34.603590
BASIC,0,866,100,46312,29,BMS_TEMP,180,48,24,22,203,STRINGS,37745,21,36772,11,22272,BATTERY_TEMP,24,1,22,111,23,25,52736,HEALTH,100,0,126,30039,CELL,8,37701,477,37701,0,2026-03-23 15:03:35.333260
BASIC,0,866,100,46312,29,BMS_TEMP,180,48,24,22,203,STRINGS,37743,21,36772,11,21760,BATTERY_TEMP,24,1,22,111,23,25,52736,HEALTH,100,0,126,30039,CELL,6,37708,477,37707,0,2026-03-23 15:03:35.955393
BASIC,0,866,100,46312,29,BMS_TEMP,180,48,24,22,203,STRINGS,37743,21,36772,11,21760,BATTERY_TEMP,24,1,22,111,23,25,52736,HEALTH,100,0,126,30039,CELL,1,37662,477,37662,0,2026-03-23 15:03:36.098794
BASIC,0,866,100,46312,29,BMS_TEMP,180,48,24,22,203,STRINGS,37745,21,36772,11,22272,BATTERY_TEMP,24,1,22,111,23,25,52736,HEALTH,100,0,126,30039,CELL,4,37681,477,37682,0,2026-03-23 15:03:36.686342
BASIC,0,866,100,46312,29,BMS_TEMP,180,48,24,22,203,STRINGS,37743,21,36772,11,21760,BATTERY_TEMP,24,1,22,111,23,25,52736,HEALTH,100,0,126,29782,CELL,22,37733,477,37733,0,2026-03-23 15:03:36.828743
BASIC,0,866,100,46312,29,BMS_TEMP,180,48,24,22,203,STRINGS,37744,21,36772,11,22016,BATTERY_TEMP,24,1,22,111,23,25,52736,HEALTH,100,0,126,30039,CELL,2,37665,477,37664,0,2026-03-23 15:03:36.970227
BASIC,0,866,100,46312,29,BMS_TEMP,180,48,24,22,203,STRINGS,37744,21,36772,11,22016,BATTERY_TEMP,24,1,22,111,23,25,52736,HEALTH,100,0,126,30039,CELL,1,37663,477,37662,0,2026-03-23 15:03:37.515499
BASIC,0,866,100,46312,29,BMS_TEMP,180,48,24,22,203,STRINGS,37743,21,36772,11,21760,BATTERY_TEMP,24,1,22,111,23,25,52736,HEALTH,100,0,126,30039,CELL,0,37577,477,37576,0,2026-03-23 15:03:37.831017
BASIC,0,866,100,46312,29,BMS_TEMP,180,48,24,22,203,STRINGS,37744,21,36772,11,22016,BATTERY_TEMP,24,1,22,111,23,25,52736,HEALTH,100,0,126,30039,CELL,9,37707,477,37707,0,2026-03-23 15:03:38.140518
BASIC,0,866,100,46312,29,BMS_TEMP,180,48,24,22,203,STRINGS,37743,21,36772,11,21760,BATTERY_TEMP,24,1,22,111,23,25,52736,HEALTH,100,0,126,30039,CELL,17,37729,477,37728,0,2026-03-23 15:03:38.282430
BASIC,0,866,100,46312,29,BMS_TEMP,180,48,24,22,203,STRINGS,37743,21,36771,11,21504,BATTERY_TEMP,24,1,22,111,23,25,52736,HEALTH,100,0,126,29782,CELL,7,37711,477,37710,0,2026-03-23 15:03:38.556549
BASIC,0,866,100,46312,29,BMS_TEMP,180,48,24,22,203,STRINGS,37744,21,36772,11,22016,BATTERY_TEMP,24,1,22,111,23,25,52736,HEALTH,100,0,126,30039,CELL,7,37711,477,37710,0,2026-03-23 15:03:38.971357
BASIC,0,866,100,46312,29,BMS_TEMP,180,48,24,22,203,STRINGS,37744,21,36772,11,22016,BATTERY_TEMP,24,1,22,111,23,25,52736,HEALTH,100,0,126,30039,CELL,19,37729,477,37728,0,2026-03-23 15:03:39.284417
BASIC,0,866,100,46312,29,BMS_TEMP,180,48,24,22,203,STRINGS,37744,21,36772,11,22016,BATTERY_TEMP,24,1,22,111,23,25,52736,HEALTH,100,0,126,29782,CELL,4,37682,477,37681,0,2026-03-23 15:03:39.598553
BASIC,0,866,100,46312,29,BMS_TEMP,180,48,24,22,203,STRINGS,37744,21,36772,11,22016,BATTERY_TEMP,24,1,22,111,23,25,52736,HEALTH,100,0,126,30039,CELL,14,37734,477,37734,0,2026-03-23 15:03:39.739541
BASIC,0,866,100,46312,29,BMS_TEMP,180,48,24,22,203,STRINGS,37743,21,36772,11,21760,BATTERY_TEMP,24,1,22,111,23,25,52736,HEALTH,100,0,126,30039,CELL,4,37682,477,37681,0,2026-03-23 15:03:40.011817
BASIC,0,866,100,46312,29,BMS_TEMP,180,48,24,22,203,STRINGS,37744,21,36773,11,22272,BATTERY_TEMP,24,1,22,111,23,25,52736,HEALTH,100,0,126,30039,CELL,2,37665,477,37664,0,2026-03-23 15:03:40.430264
BASIC,0,866,100,46312,29,BMS_TEMP,180,48,24,22,203,STRINGS,37744,21,36772,11,22016,BATTERY_TEMP,24,1,22,111,23,25,52736,HEALTH,100,0,126,30039,CELL,15,37739,477,37739,0,2026-03-23 15:03:41.155514
BASIC,0,866,100,46312,29,BMS_TEMP,180,48,24,22,203,STRINGS,37743,21,36772,11,21760,BATTERY_TEMP,24,1,22,111,23,25,52736,HEALTH,100,0,126,30039,CELL,13,37732,477,37731,0,2026-03-23 15:03:41.298502
BASIC,0,866,100,46312,29,BMS_TEMP,180,48,24,22,203,STRINGS,37743,21,36773,11,22016,BATTERY_TEMP,24,1,22,111,23,25,52736,HEALTH,100,0,126,29782,CELL,15,37740,477,37738,0,2026-03-23 15:03:41.467598
BASIC,0,866,100,46312,29,BMS_TEMP,180,48,24,22,203,STRINGS,37743,21,36771,11,21504,BATTERY_TEMP,24,1,22,111,23,25,52736,HEALTH,100,0,126,30039,CELL,21,37734,477,37733,0,2026-03-23 15:03:41.781483
BASIC,0,866,100,46312,29,BMS_TEMP,180,48,24,22,203,STRINGS,37744,21,36772,11,22016,BATTERY_TEMP,24,1,22,111,23,25,52736,HEALTH,100,0,126,30039,CELL,7,37711,477,37711,0,2026-03-23 15:03:42.406687
BASIC,0,866,100,46312,29,BMS_TEMP,180,48,24,22,203,STRINGS,37743,21,36772,11,21760,BATTERY_TEMP,24,1,22,111,23,25,52736,HEALTH,100,0,126,30039,CELL,2,37665,477,37664,0,2026-03-23 15:03:42.612961
BASIC,0,866,100,46312,29,BMS_TEMP,180,48,24,22,203,STRINGS,37742,21,36772,11,21504,BATTERY_TEMP,24,1,22,111,23,25,52736,HEALTH,100,0,126,30039,CELL,9,37706,477,37706,0,2026-03-23 15:03:43.340572
BASIC,0,866,100,46312,29,BMS_TEMP,180,48,24,22,203,STRINGS,37744,21,36771,11,21760,BATTERY_TEMP,24,1,22,111,23,25,52736,HEALTH,100,0,126,30039,CELL,7,37710,477,37711,0,2026-03-23 15:03:43.483376
BASIC,0,866,100,46312,29,BMS_TEMP,180,48,24,22,203,STRINGS,37744,21,36773,11,22272,BATTERY_TEMP,24,1,22,111,23,25,52736,HEALTH,100,0,126,30039,CELL,9,37708,477,37706,0,2026-03-23 15:03:43.756221
BASIC,0,866,100,46312,29,BMS_TEMP,180,48,24,22,203,STRINGS,37743,21,36771,11,21504,BATTERY_TEMP,24,1,22,111,23,25,52736,HEALTH,100,0,126,30039,CELL,19,37730,477,37728,0,2026-03-23 15:03:43.898469
BASIC,0,866,100,46312,29,BMS_TEMP,180,48,24,22,203,STRINGS,37744,21,36772,11,22016,BATTERY_TEMP,24,1,22,111,23,25,52736,HEALTH,100,0,126,30039,CELL,22,37736,477,37733,0,2026-03-23 15:03:44.069100
BASIC,0,866,100,46312,29,BMS_TEMP,180,48,24,22,203,STRINGS,37742,21,36772,11,21504,BATTERY_TEMP,24,1,22,111,23,25,52736,HEALTH,100,0,126,30039,CELL,5,37712,477,37710,0,2026-03-23 15:03:44.692707
BASIC,0,866,100,46312,29,BMS_TEMP,180,48,24,22,203,STRINGS,37743,21,36772,11,21760,BATTERY_TEMP,24,1,22,111,23,25,52736,HEALTH,100,0,126,30039,CELL,22,37734,477,37734,0,2026-03-23 15:03:44.834908
BASIC,0,866,100,46312,29,BMS_TEMP,180,48,24,22,203,STRINGS,37743,21,36772,11,21760,BATTERY_TEMP,24,1,22,111,23,25,52736,HEALTH,100,0,126,29782,CELL,3,37720,477,37719,0,2026-03-23 15:03:44.977197
BASIC,0,866,100,46312,29,BMS_TEMP,180,48,24,22,203,STRINGS,37743,21,36772,11,21760,BATTERY_TEMP,24,1,22,111,23,25,52736,HEALTH,100,0,126,30039,CELL,6,37707,477,37707,0,2026-03-23 15:03:45.316888
BASIC,0,866,100,46312,29,BMS_TEMP,180,48,24,22,203,STRINGS,37745,21,36772,11,22272,BATTERY_TEMP,24,1,22,111,23,25,52736,HEALTH,100,0,126,30039,CELL,18,37719,477,37718,0,2026-03-23 15:03:45.526715
BASIC,0,866,100,46312,29,BMS_TEMP,180,48,24,22,203,STRINGS,37744,21,36772,11,22016,BATTERY_TEMP,24,1,22,111,23,25,52736,HEALTH,100,0,126,30039,CELL,1,37663,477,37662,0,2026-03-23 15:03:45.939929
BASIC,0,866,100,46312,29,BMS_TEMP,180,48,24,22,203,STRINGS,37744,21,36772,11,22016,BATTERY_TEMP,24,1,22,111,23,25,52736,HEALTH,100,0,126,30039,CELL,12,37729,477,37728,0,2026-03-23 15:03:46.254762
BASIC,0,866,100,46312,29,BMS_TEMP,180,48,24,22,203,STRINGS,37743,21,36772,11,21760,BATTERY_TEMP,24,1,22,111,23,25,52736,HEALTH,100,0,126,30039,CELL,22,37734,477,37733,0,2026-03-23 15:03:46.774536
BASIC,0,866,100,46312,29,BMS_TEMP,180,48,24,22,203,STRINGS,37744,21,36772,11,22016,BATTERY_TEMP,24,1,22,111,23,25,52736,HEALTH,100,0,126,30039,CELL,14,37735,477,37735,0,2026-03-23 15:03:46.916090
BASIC,0,866,100,46312,29,BMS_TEMP,180,48,24,22,203,STRINGS,37742,21,36772,11,21504,BATTERY_TEMP,24,1,22,111,23,25,52736,HEALTH,100,0,126,30039,CELL,17,37728,477,37729,0,2026-03-23 15:03:47.057260
BASIC,0,866,100,46312,29,BMS_TEMP,180,48,24,22,203,STRINGS,37743,21,36771,11,21504,BATTERY_TEMP,24,1,22,111,23,25,52736,HEALTH,100,0,126,30039,CELL,16,37735,477,37736,0,2026-03-23 15:03:47.395504
BASIC,0,866,100,46312,29,BMS_TEMP,180,48,24,22,203,STRINGS,37743,21,36772,11,21760,BATTERY_TEMP,24,1,22,111,23,25,52736,HEALTH,100,0,126,30039,CELL,8,37702,477,37702,0,2026-03-23 15:03:47.539448
BASIC,0,866,100,46312,29,BMS_TEMP,180,48,24,22,203,STRINGS,37744,21,36771,11,21760,BATTERY_TEMP,24,1,22,111,23,25,52736,HEALTH,100,0,126,30039,CELL,12,37728,477,37728,0,2026-03-23 15:03:47.709312
BASIC,0,866,100,46312,29,BMS_TEMP,180,48,24,22,203,STRINGS,37743,21,36772,11,21760,BATTERY_TEMP,24,1,22,111,23,25,52736,HEALTH,100,0,126,30039,CELL,18,37718,477,37718,0,2026-03-23 15:03:48.124605
BASIC,0,866,100,46312,29,BMS_TEMP,180,48,24,22,203,STRINGS,37743,21,36771,11,21504,BATTERY_TEMP,24,1,22,111,23,25,52736,HEALTH,100,0,126,30039,CELL,7,37710,477,37711,0,2026-03-23 15:03:48.333812
BASIC,0,866,100,46312,29,BMS_TEMP,180,48,24,22,203,STRINGS,37743,21,36771,11,21504,BATTERY_TEMP,24,1,22,111,23,25,52736,HEALTH,100,0,126,30039,CELL,13,37731,477,37731,0,2026-03-23 15:03:48.475840
BASIC,0,866,100,46312,29,BMS_TEMP,180,48,24,22,203,STRINGS,37742,21,36773,11,21760,BATTERY_TEMP,24,1,22,111,23,25,52736,HEALTH,100,0,126,30039,CELL,16,37736,477,37736,0,2026-03-23 15:03:48.853749
BASIC,0,866,100,46312,29,BMS_TEMP,180,48,24,22,203,STRINGS,37743,21,36772,11,21760,BATTERY_TEMP,24,1,22,111,23,25,52736,HEALTH,100,0,126,30039,CELL,5,37710,477,37710,0,2026-03-23 15:03:48.995348
BASIC,0,866,100,46312,29,BMS_TEMP,180,48,24,22,203,STRINGS,37745,21,36772,11,22272,BATTERY_TEMP,24,1,22,111,23,25,52736,HEALTH,100,0,126,30039,CELL,8,37702,477,37701,0,2026-03-23 15:03:49.164388
BASIC,0,866,100,46312,29,BMS_TEMP,180,48,24,22,203,STRINGS,37743,21,36773,11,22016,BATTERY_TEMP,24,1,22,111,23,25,52736,HEALTH,100,0,126,30039,CELL,14,37735,477,37735,0,2026-03-23 15:03:49.580599
BASIC,0,866,100,46312,29,BMS_TEMP,180,48,24,22,203,STRINGS,37744,21,36772,11,22016,BATTERY_TEMP,24,1,22,111,23,25,52736,HEALTH,100,0,126,30039,CELL,3,37719,477,37718,0,2026-03-23 15:03:49.790596
BASIC,0,866,100,46312,29,BMS_TEMP,180,48,24,22,203,STRINGS,37743,21,36770,11,21248,BATTERY_TEMP,24,1,22,111,23,25,52736,HEALTH,100,0,126,30039,CELL,9,37707,477,37707,0,2026-03-23 15:03:49.997358
BASIC,0,866,100,46312,29,BMS_TEMP,180,48,24,22,203,STRINGS,37744,21,36771,11,21760,BATTERY_TEMP,24,1,22,111,23,25,52736,HEALTH,100,0,126,30039,CELL,15,37739,477,37738,0,2026-03-23 15:03:50.308499
BASIC,0,866,100,46312,29,BMS_TEMP,180,48,24,22,203,STRINGS,37744,21,36771,11,21760,BATTERY_TEMP,24,1,22,111,23,25,52736,HEALTH,100,0,126,30039,CELL,1,37662,477,37662,0,2026-03-23 15:03:50.518182
BASIC,0,866,100,46312,29,BMS_TEMP,180,48,24,22,203,STRINGS,37743,21,36771,11,21504,BATTERY_TEMP,24,1,22,111,23,25,52736,HEALTH,100,0,126,30039,CELL,7,37711,477,37711,0,2026-03-23 15:03:50.660034
BASIC,0,866,100,46312,29,BMS_TEMP,180,48,24,22,203,STRINGS,37743,21,36773,11,22016,BATTERY_TEMP,24,1,22,111,23,25,52736,HEALTH,100,0,126,30039,CELL,10,36773,477,36771,0,2026-03-23 15:03:50.802561
BASIC,0,866,100,46312,29,BMS_TEMP,180,48,24,22,203,STRINGS,37743,21,36771,11,21504,BATTERY_TEMP,24,1,22,111,23,25,52736,HEALTH,100,0,126,30039,CELL,13,37731,477,37730,0,2026-03-23 15:03:51.036583
BASIC,0,866,100,46312,29,BMS_TEMP,180,48,24,22,203,STRINGS,37742,21,36772,11,21504,BATTERY_TEMP,24,1,22,111,23,25,52736,HEALTH,100,0,126,30039,CELL,22,37733,477,37734,0,2026-03-23 15:03:51.453029
BASIC,0,866,100,46312,29,BMS_TEMP,180,48,24,22,203,STRINGS,37744,21,36771,11,21760,BATTERY_TEMP,24,1,22,111,23,25,52736,HEALTH,100,0,126,30039,CELL,11,37733,477,37733,0,2026-03-23 15:03:51.869279
BASIC,0,866,100,46312,29,BMS_TEMP,180,48,24,22,203,STRINGS,37744,21,36772,11,22016,BATTERY_TEMP,24,1,22,111,23,25,52736,HEALTH,100,0,126,30039,CELL,0,37576,477,37576,0,2026-03-23 15:03:52.010982
BASIC,0,866,100,46312,29,BMS_TEMP,180,48,24,22,203,STRINGS,37743,21,36772,11,21760,BATTERY_TEMP,24,1,22,111,23,25,52736,HEALTH,100,0,126,30039,CELL,3,37719,477,37718,0,2026-03-23 15:03:52.179847
BASIC,0,866,100,46312,29,BMS_TEMP,180,48,24,22,203,STRINGS,37744,21,36772,11,22016,BATTERY_TEMP,24,1,22,111,23,25,52736,HEALTH,100,0,126,30039,CELL,8,37702,477,37702,0,2026-03-23 15:03:52.322655
BASIC,0,866,100,46312,29,BMS_TEMP,180,48,24,22,203,STRINGS,37744,21,36772,11,22016,BATTERY_TEMP,24,1,22,111,23,25,52736,HEALTH,100,0,126,30039,CELL,12,37728,477,37728,0,2026-03-23 15:03:52.492660
BASIC,0,866,100,46312,29,BMS_TEMP,180,48,24,22,203,STRINGS,37744,21,36772,11,22016,BATTERY_TEMP,24,1,22,111,23,25,52736,HEALTH,100,0,126,30039,CELL,18,37719,477,37718,0,2026-03-23 15:03:52.702784
BASIC,0,866,100,46312,29,BMS_TEMP,180,48,24,22,203,STRINGS,37743,21,36772,11,21760,BATTERY_TEMP,24,1,22,111,23,25,52736,HEALTH,100,0,126,30039,CELL,1,37663,477,37662,0,2026-03-23 15:03:52.843309
BASIC,0,866,100,46312,29,BMS_TEMP,180,48,24,22,203,STRINGS,37744,21,36772,11,22016,BATTERY_TEMP,24,1,22,111,23,25,52736,HEALTH,100,0,126,29782,CELL,4,37681,477,37681,0,2026-03-23 15:03:52.986398
BASIC,0,866,100,46312,29,BMS_TEMP,180,48,24,22,203,STRINGS,37744,21,36772,11,22016,BATTERY_TEMP,24,1,22,111,23,25,52736,HEALTH,100,0,126,30039,CELL,6,37707,477,37707,0,2026-03-23 15:03:53.128429
BASIC,0,866,100,46312,29,BMS_TEMP,180,48,24,22,203,STRINGS,37744,21,36771,11,21760,BATTERY_TEMP,24,1,22,111,23,25,52736,HEALTH,100,0,126,30039,CELL,16,37736,477,37736,0,2026-03-23 15:03:53.272320
BASIC,0,866,100,46312,29,BMS_TEMP,180,48,24,22,203,STRINGS,37741,21,36770,11,20736,BATTERY_TEMP,24,1,22,111,23,25,52736,HEALTH,100,0,126,29782,CELL,16,37737,477,37736,0,2026-03-23 15:03:53.414373
BASIC,0,866,100,46312,29,BMS_TEMP,180,48,24,22,203,STRINGS,37743,21,36772,11,21760,BATTERY_TEMP,24,1,22,111,23,25,52736,HEALTH,100,0,126,30039,CELL,18,37718,477,37719,0,2026-03-23 15:03:53.557439
BASIC,0,866,100,46312,29,BMS_TEMP,180,48,24,22,203,STRINGS,37743,21,36773,11,22016,BATTERY_TEMP,24,1,22,111,23,25,52736,HEALTH,100,0,126,30039,CELL,1,37663,477,37663,0,2026-03-23 15:03:54.052399
BASIC,0,866,100,46312,29,BMS_TEMP,180,48,24,22,203,STRINGS,37744,21,36772,11,22016,BATTERY_TEMP,24,1,22,111,23,25,52736,HEALTH,100,0,126,30039,CELL,17,37728,477,37729,0,2026-03-23 15:03:54.262203
BASIC,0,866,100,46312,29,BMS_TEMP,180,48,24,22,203,STRINGS,37743,21,36772,11,21760,BATTERY_TEMP,24,1,22,111,23,25,52736,HEALTH,100,0,126,30039,CELL,0,37577,477,37576,0,2026-03-23 15:03:54.780346
BASIC,0,866,100,46312,29,BMS_TEMP,180,48,24,22,203,STRINGS,37744,21,36772,11,22016,BATTERY_TEMP,24,1,22,111,23,25,52736,HEALTH,100,0,126,30039,CELL,15,37740,477,37739,0,2026-03-23 15:03:54.988404
BASIC,0,866,100,46312,29,BMS_TEMP,180,48,24,22,203,STRINGS,37742,21,36773,11,21760,BATTERY_TEMP,24,1,22,111,23,25,52736,HEALTH,100,0,126,30039,CELL,21,37734,477,37732,0,2026-03-23 15:03:55.301446
BASIC,0,866,100,46312,29,BMS_TEMP,180,48,24,22,203,STRINGS,37743,21,36772,11,21760,BATTERY_TEMP,24,1,22,111,23,25,52736,HEALTH,100,0,126,30039,CELL,7,37710,477,37710,0,2026-03-23 15:03:55.716057
BASIC,0,866,100,46312,29,BMS_TEMP,180,48,24,22,203,STRINGS,37744,21,36773,11,22272,BATTERY_TEMP,24,1,22,111,23,25,52736,HEALTH,100,0,126,30039,CELL,19,37729,477,37727,0,2026-03-23 15:03:55.858497
BASIC,0,866,100,46312,29,BMS_TEMP,180,48,24,22,203,STRINGS,37744,21,36772,11,22016,BATTERY_TEMP,24,1,22,111,23,25,52736,HEALTH,100,0,126,30039,CELL,22,37734,477,37734,0,2026-03-23 15:03:56.654651
BASIC,0,866,100,46312,29,BMS_TEMP,180,48,24,22,203,STRINGS,37744,21,36771,11,21760,BATTERY_TEMP,24,1,22,111,23,25,52736,HEALTH,100,0,126,30039,CELL,0,37576,477,37576,0,2026-03-23 15:03:56.797280
BASIC,0,866,100,46312,29,BMS_TEMP,180,48,24,22,203,STRINGS,37743,21,36772,11,21760,BATTERY_TEMP,24,1,22,111,23,25,52736,HEALTH,100,0,126,29782,CELL,3,37720,477,37718,0,2026-03-23 15:03:57.174697
BASIC,0,866,100,46312,29,BMS_TEMP,180,48,24,22,203,STRINGS,37743,21,36771,11,21504,BATTERY_TEMP,24,1,22,111,23,25,52736,HEALTH,100,0,126,29782,CELL,15,37740,477,37740,0,2026-03-23 15:03:57.692494
BASIC,0,866,100,46312,29,BMS_TEMP,180,48,24,22,203,STRINGS,37744,21,36772,11,22016,BATTERY_TEMP,24,1,22,111,23,25,52736,HEALTH,100,0,126,30039,CELL,7,37710,477,37710,0,2026-03-23 15:03:57.899281
BASIC,0,866,100,46312,29,BMS_TEMP,180,48,24,22,203,STRINGS,37745,21,36772,11,22272,BATTERY_TEMP,24,1,22,111,23,25,52736,HEALTH,100,0,126,30039,CELL,12,37729,477,37728,0,2026-03-23 15:03:58.214380
BASIC,0,866,100,46312,29,BMS_TEMP,180,48,24,22,203,STRINGS,37744,21,36772,11,22016,BATTERY_TEMP,24,1,22,111,23,25,52736,HEALTH,100,0,126,30039,CELL,22,37735,477,37734,0,2026-03-23 15:03:58.420989
BASIC,0,866,100,46312,29,BMS_TEMP,180,48,24,22,203,STRINGS,37743,21,36771,11,21504,BATTERY_TEMP,24,1,22,111,23,25,52736,HEALTH,100,0,126,29782,CELL,5,37712,477,37710,0,2026-03-23 15:03:58.629967
BASIC,0,866,100,46312,29,BMS_TEMP,180,48,24,22,203,STRINGS,37743,21,36771,11,21504,BATTERY_TEMP,24,1,22,111,23,25,52736,HEALTH,100,0,126,30039,CELL,11,37734,477,37733,0,2026-03-23 15:03:58.773812
BASIC,0,866,100,46312,29,BMS_TEMP,180,48,24,22,203,STRINGS,37744,21,36773,11,22272,BATTERY_TEMP,24,1,22,111,23,25,52736,HEALTH,100,0,126,30039,CELL,13,37730,477,37731,0,2026-03-23 15:03:59.148748
BASIC,0,866,100,46312,29,BMS_TEMP,180,48,24,22,203,STRINGS,37744,21,36771,11,21760,BATTERY_TEMP,24,1,22,111,23,25,52736,HEALTH,100,0,126,30039,CELL,3,37719,477,37719,0,2026-03-23 15:03:59.291487
BASIC,0,866,100,46312,29,BMS_TEMP,180,48,24,22,203,STRINGS,37744,21,36772,11,22016,BATTERY_TEMP,24,1,22,111,23,25,52736,HEALTH,100,0,126,29782,CELL,5,37712,477,37711,0,2026-03-23 15:03:59.433287
BASIC,0,866,100,46312,29,BMS_TEMP,180,48,24,22,203,STRINGS,37744,21,36772,11,22016,BATTERY_TEMP,24,1,22,111,23,25,52736,HEALTH,100,0,126,30039,CELL,8,37702,477,37702,0,2026-03-23 15:03:59.669472
BASIC,0,866,100,46312,29,BMS_TEMP,180,48,24,22,203,STRINGS,37743,21,36772,11,21760,BATTERY_TEMP,24,1,22,111,23,25,52736,HEALTH,100,0,126,30039,CELL,17,37729,477,37728,0,2026-03-23 15:03:59.878071
BASIC,0,866,100,46312,29,BMS_TEMP,180,48,24,22,203,STRINGS,37743,21,36772,11,21760,BATTERY_TEMP,24,1,22,111,23,25,52736,HEALTH,100,0,126,30039,CELL,1,37663,477,37662,0,2026-03-23 15:04:00.085516
BASIC,0,866,100,46312,29,BMS_TEMP,180,48,24,22,203,STRINGS,37744,21,36772,11,22016,BATTERY_TEMP,24,1,22,111,23,25,52736,HEALTH,100,0,126,29782,CELL,7,37711,477,37711,0,2026-03-23 15:04:00.228301
BASIC,0,866,100,46312,29,BMS_TEMP,180,48,24,22,203,STRINGS,37742,21,36772,11,21504,BATTERY_TEMP,24,1,22,111,23,25,52736,HEALTH,100,0,126,30039,CELL,9,37707,477,37707,0,2026-03-23 15:04:00.371509
BASIC,0,866,100,46312,29,BMS_TEMP,180,48,24,22,203,STRINGS,37745,21,36772,11,22272,BATTERY_TEMP,24,1,22,111,23,25,52736,HEALTH,100,0,126,30039,CELL,13,37731,477,37732,0,2026-03-23 15:04:00.515034
BASIC,0,866,100,46312,29,BMS_TEMP,180,48,24,22,203,STRINGS,37742,21,36773,11,21760,BATTERY_TEMP,24,1,22,111,23,25,52736,HEALTH,100,0,126,30039,CELL,22,37734,477,37734,0,2026-03-23 15:04:00.710341
BASIC,0,866,100,46312,29,BMS_TEMP,180,48,24,22,203,STRINGS,37743,21,36772,11,21760,BATTERY_TEMP,24,1,22,111,23,25,52736,HEALTH,100,0,126,30039,CELL,2,37665,477,37664,0,2026-03-23 15:04:00.851405
BASIC,0,866,100,46312,29,BMS_TEMP,180,48,24,22,203,STRINGS,37743,21,36772,11,21760,BATTERY_TEMP,24,1,22,111,23,25,52736,HEALTH,100,0,126,30039,CELL,5,37711,477,37710,0,2026-03-23 15:04:00.995410
BASIC,0,866,100,46312,29,BMS_TEMP,180,48,24,22,203,STRINGS,37743,21,36772,11,21760,BATTERY_TEMP,24,1,22,111,23,25,52736,HEALTH,100,0,126,30039,CELL,7,37712,477,37710,0,2026-03-23 15:04:01.137529
BASIC,0,866,100,46312,29,BMS_TEMP,180,48,24,22,203,STRINGS,37742,21,36771,11,21248,BATTERY_TEMP,24,1,22,111,23,25,52736,HEALTH,100,0,126,30039,CELL,22,37733,477,37733,0,2026-03-23 15:04:01.853205
BASIC,0,866,100,46312,29,BMS_TEMP,180,48,24,22,203,STRINGS,37743,21,36772,11,21760,BATTERY_TEMP,24,1,22,111,23,25,52736,HEALTH,100,0,126,29782,CELL,11,37734,477,37734,0,2026-03-23 15:04:01.994302
BASIC,0,866,100,46312,29,BMS_TEMP,180,48,24,22,203,STRINGS,37743,21,36773,11,22016,BATTERY_TEMP,24,1,22,111,23,25,52736,HEALTH,100,0,126,30039,CELL,14,37734,477,37734,0,2026-03-23 15:04:02.270638
BASIC,0,866,100,46312,29,BMS_TEMP,180,48,24,22,203,STRINGS,37744,21,36772,11,22016,BATTERY_TEMP,24,1,22,111,23,25,52736,HEALTH,100,0,126,30039,CELL,1,37662,477,37663,0,2026-03-23 15:04:02.411299
BASIC,0,866,100,46312,29,BMS_TEMP,180,48,24,22,203,STRINGS,37744,21,36771,11,21760,BATTERY_TEMP,24,1,22,111,23,25,52736,HEALTH,100,0,126,30039,CELL,4,37683,477,37682,0,2026-03-23 15:04:02.789843
BASIC,0,866,100,46312,29,BMS_TEMP,180,48,24,22,203,STRINGS,37742,21,36772,11,21504,BATTERY_TEMP,24,1,22,111,23,25,52736,HEALTH,100,0,126,29782,CELL,15,37740,477,37738,0,2026-03-23 15:04:03.099963
BASIC,0,866,100,46312,29,BMS_TEMP,180,48,24,22,203,STRINGS,37743,21,36772,11,21760,BATTERY_TEMP,24,1,22,111,23,25,52736,HEALTH,100,0,126,30039,CELL,1,37662,477,37662,0,2026-03-23 15:04:03.414040
BASIC,0,866,100,46312,29,BMS_TEMP,180,48,24,22,203,STRINGS,37743,21,36772,11,21760,BATTERY_TEMP,24,1,22,111,23,25,52736,HEALTH,100,0,126,30039,CELL,10,36772,477,36771,0,2026-03-23 15:04:03.622814
BASIC,0,866,100,46312,29,BMS_TEMP,180,48,24,22,203,STRINGS,37744,21,36772,11,22016,BATTERY_TEMP,24,1,22,111,23,25,52736,HEALTH,100,0,126,30039,CELL,17,37729,477,37729,0,2026-03-23 15:04:03.827953
BASIC,0,866,100,46312,29,BMS_TEMP,180,48,24,22,203,STRINGS,37743,21,36771,11,21504,BATTERY_TEMP,24,1,22,111,23,25,52736,HEALTH,100,0,126,30039,CELL,22,37733,477,37733,0,2026-03-23 15:04:03.972249
BASIC,0,866,100,46312,29,BMS_TEMP,180,48,24,22,203,STRINGS,37743,21,36772,11,21760,BATTERY_TEMP,24,1,22,111,23,25,52736,HEALTH,100,0,126,29782,CELL,3,37719,477,37719,0,2026-03-23 15:04:04.867774
BASIC,0,866,100,46312,29,BMS_TEMP,180,48,24,22,203,STRINGS,37743,21,36772,11,21760,BATTERY_TEMP,24,1,22,111,23,25,52736,HEALTH,100,0,126,30039,CELL,6,37708,477,37707,0,2026-03-23 15:04:05.010715
BASIC,0,866,100,46312,29,BMS_TEMP,180,48,24,22,203,STRINGS,37742,21,36770,11,20992,BATTERY_TEMP,24,1,22,111,23,25,52736,HEALTH,100,0,126,30039,CELL,9,37707,477,37707,0,2026-03-23 15:04:05.180428
BASIC,0,866,100,46312,29,BMS_TEMP,180,48,24,22,203,STRINGS,37743,21,36772,11,21760,BATTERY_TEMP,24,1,22,111,23,25,52736,HEALTH,100,0,126,30039,CELL,16,37736,477,37736,0,2026-03-23 15:04:05.387197
BASIC,0,866,100,46312,29,BMS_TEMP,180,48,24,22,203,STRINGS,37744,21,36772,11,22016,BATTERY_TEMP,24,1,22,111,23,25,52736,HEALTH,100,0,126,30039,CELL,21,37733,477,37733,0,2026-03-23 15:04:05.531928
BASIC,0,866,100,46312,29,BMS_TEMP,180,48,24,22,203,STRINGS,37743,21,36772,11,21760,BATTERY_TEMP,24,1,22,111,23,25,52736,HEALTH,100,0,126,30039,CELL,1,37663,477,37662,0,2026-03-23 15:04:05.699770
BASIC,0,866,100,46312,29,BMS_TEMP,180,48,24,22,203,STRINGS,37743,21,36772,11,21760,BATTERY_TEMP,24,1,22,111,23,25,52736,HEALTH,100,0,126,30039,CELL,7,37710,477,37710,0,2026-03-23 15:04:05.842294
BASIC,0,866,100,46312,29,BMS_TEMP,180,48,24,22,203,STRINGS,37743,21,36772,11,21760,BATTERY_TEMP,24,1,22,111,23,25,52736,HEALTH,100,0,126,30039,CELL,10,36771,477,36772,0,2026-03-23 15:04:05.985532
BASIC,0,866,100,46312,29,BMS_TEMP,180,48,24,22,203,STRINGS,37742,21,36772,11,21504,BATTERY_TEMP,24,1,22,111,23,25,52736,HEALTH,100,0,126,30039,CELL,14,37735,477,37734,0,2026-03-23 15:04:06.128641
BASIC,0,866,100,46312,29,BMS_TEMP,180,48,24,22,203,STRINGS,37744,21,36772,11,22016,BATTERY_TEMP,24,1,22,111,23,25,52736,HEALTH,100,0,126,30039,CELL,19,37729,477,37727,0,2026-03-23 15:04:06.325968
BASIC,0,866,100,46312,29,BMS_TEMP,180,48,24,22,203,STRINGS,37744,21,36772,11,22016,BATTERY_TEMP,24,1,22,111,23,25,52736,HEALTH,100,0,126,30039,CELL,2,37664,477,37663,0,2026-03-23 15:04:06.635512
BASIC,0,866,100,46312,29,BMS_TEMP,180,48,24,22,203,STRINGS,37744,21,36772,11,22016,BATTERY_TEMP,24,1,22,111,23,25,52736,HEALTH,100,0,126,30039,CELL,11,37733,477,37734,0,2026-03-23 15:04:06.845221
BASIC,0,866,100,46312,29,BMS_TEMP,180,48,24,22,203,STRINGS,37742,21,36772,11,21504,BATTERY_TEMP,24,1,22,111,23,25,52736,HEALTH,100,0,126,30039,CELL,17,37728,477,37728,0,2026-03-23 15:04:07.156467
BASIC,0,866,100,46312,29,BMS_TEMP,180,48,24,22,203,STRINGS,37744,21,36771,11,21760,BATTERY_TEMP,24,1,22,111,23,25,52736,HEALTH,100,0,126,30039,CELL,4,37681,477,37681,0,2026-03-23 15:04:07.364534
BASIC,0,866,100,46312,29,BMS_TEMP,180,48,24,22,203,STRINGS,37744,21,36772,11,22016,BATTERY_TEMP,24,1,22,111,23,25,52736,HEALTH,100,0,126,30039,CELL,10,36772,477,36771,0,2026-03-23 15:04:07.572731
BASIC,0,866,100,46312,29,BMS_TEMP,180,48,24,22,203,STRINGS,37743,21,36771,11,21504,BATTERY_TEMP,24,1,22,111,23,25,52736,HEALTH,100,0,126,30039,CELL,15,37740,477,37739,0,2026-03-23 15:04:08.091672
BASIC,0,866,100,46312,29,BMS_TEMP,180,48,24,22,203,STRINGS,37745,21,36771,11,22016,BATTERY_TEMP,24,1,22,111,23,25,52736,HEALTH,100,0,126,30039,CELL,7,37712,477,37711,0,2026-03-23 15:04:08.301471
BASIC,0,866,100,46312,29,BMS_TEMP,180,48,24,22,203,STRINGS,37744,21,36773,11,22272,BATTERY_TEMP,24,1,22,111,23,25,52736,HEALTH,100,0,126,30039,CELL,13,37733,477,37730,0,2026-03-23 15:04:08.613716
BASIC,0,866,100,46312,29,BMS_TEMP,180,48,24,22,203,STRINGS,37743,21,36773,11,22016,BATTERY_TEMP,24,1,22,111,23,25,52736,HEALTH,100,0,126,30039,CELL,22,37734,477,37733,0,2026-03-23 15:04:09.131769
BASIC,0,866,100,46312,29,BMS_TEMP,180,48,24,22,203,STRINGS,37744,21,36772,11,22016,BATTERY_TEMP,24,1,22,111,23,25,52736,HEALTH,100,0,126,30039,CELL,14,37735,477,37734,0,2026-03-23 15:04:09.548851
BASIC,0,866,100,46312,29,BMS_TEMP,180,48,24,22,203,STRINGS,37743,21,36771,11,21504,BATTERY_TEMP,24,1,22,111,23,25,52736,HEALTH,100,0,126,30039,CELL,4,37682,477,37681,0,2026-03-23 15:04:09.696291
BASIC,0,866,100,46312,29,BMS_TEMP,180,48,24,22,203,STRINGS,37744,21,36773,11,22272,BATTERY_TEMP,24,1,22,111,23,25,52736,HEALTH,100,0,126,30039,CELL,6,37708,477,37707,0,2026-03-23 15:04:09.834416
BASIC,0,866,100,46312,29,BMS_TEMP,180,48,24,22,203,STRINGS,37743,21,36772,11,21760,BATTERY_TEMP,24,1,22,111,23,25,52736,HEALTH,100,0,126,29782,CELL,10,36772,477,36771,0,2026-03-23 15:04:09.977747
BASIC,0,866,100,46312,29,BMS_TEMP,180,48,24,22,203,STRINGS,37743,21,36771,11,21504,BATTERY_TEMP,24,1,22,111,23,25,52736,HEALTH,100,0,126,30039,CELL,19,37728,477,37728,0,2026-03-23 15:04:10.275176
BASIC,0,866,100,46312,29,BMS_TEMP,180,48,24,22,203,STRINGS,37744,21,36772,11,22016,BATTERY_TEMP,24,1,22,111,23,25,52736,HEALTH,100,0,126,30039,CELL,1,37663,477,37662,0,2026-03-23 15:04:10.900138
BASIC,0,866,100,46312,29,BMS_TEMP,180,48,24,22,203,STRINGS,37743,21,36772,11,21760,BATTERY_TEMP,24,1,22,111,23,25,52736,HEALTH,100,0,126,30039,CELL,20,37743,477,37743,0,2026-03-23 15:04:11.043544
BASIC,0,866,100,46312,29,BMS_TEMP,180,48,24,22,203,STRINGS,37745,21,36772,11,22272,BATTERY_TEMP,24,1,22,111,23,25,52736,HEALTH,100,0,126,29782,CELL,22,37734,477,37733,0,2026-03-23 15:04:11.186337
BASIC,0,866,100,46312,29,BMS_TEMP,180,48,24,22,203,STRINGS,37742,21,36772,11,21504,BATTERY_TEMP,24,1,22,111,23,25,52736,HEALTH,100,0,126,29782,CELL,2,37664,477,37664,0,2026-03-23 15:04:11.328432
BASIC,0,866,100,46312,29,BMS_TEMP,180,48,24,22,203,STRINGS,37744,21,36772,11,22016,BATTERY_TEMP,24,1,22,111,23,25,52736,HEALTH,100,0,126,30039,CELL,12,37729,477,37729,0,2026-03-23 15:04:11.523310
BASIC,0,866,100,46312,29,BMS_TEMP,180,48,24,22,203,STRINGS,37743,21,36771,11,21504,BATTERY_TEMP,24,1,22,111,23,25,52736,HEALTH,100,0,126,30039,CELL,14,37734,477,37734,0,2026-03-23 15:04:11.733242
BASIC,0,866,100,46312,29,BMS_TEMP,180,48,24,22,203,STRINGS,37743,21,36772,11,21760,BATTERY_TEMP,24,1,22,111,23,25,52736,HEALTH,100,0,126,30039,CELL,20,37743,477,37743,0,2026-03-23 15:04:12.043324
BASIC,0,866,100,46312,29,BMS_TEMP,180,48,24,22,203,STRINGS,37743,21,36772,11,21760,BATTERY_TEMP,24,1,22,111,23,25,52736,HEALTH,100,0,126,29782,CELL,6,37707,477,37707,0,2026-03-23 15:04:12.186349
BASIC,0,866,100,46312,29,BMS_TEMP,180,48,24,22,203,STRINGS,37743,21,36772,11,21760,BATTERY_TEMP,24,1,22,111,23,25,52736,HEALTH,100,0,126,29782,CELL,9,37707,477,37707,0,2026-03-23 15:04:12.331738
BASIC,0,866,100,46312,29,BMS_TEMP,180,48,24,22,203,STRINGS,37743,21,36772,11,21760,BATTERY_TEMP,24,1,22,111,23,25,52736,HEALTH,100,0,126,30039,CELL,12,37728,477,37728,0,2026-03-23 15:04:12.473944
BASIC,0,866,100,46312,29,BMS_TEMP,180,48,24,22,203,STRINGS,37743,21,36772,11,21760,BATTERY_TEMP,24,1,22,111,23,25,52736,HEALTH,100,0,126,29782,CELL,15,37739,477,37738,0,2026-03-23 15:04:12.615643
BASIC,0,866,100,46312,29,BMS_TEMP,180,48,24,22,203,STRINGS,37744,21,36771,11,21760,BATTERY_TEMP,24,1,22,111,23,25,52736,HEALTH,100,0,126,30039,CELL,22,37734,477,37734,0,2026-03-23 15:04:12.879095
BASIC,0,866,100,46312,29,BMS_TEMP,180,48,24,22,203,STRINGS,37743,21,36772,11,21760,BATTERY_TEMP,24,1,22,111,23,25,52736,HEALTH,100,0,126,30039,CELL,7,37711,477,37710,0,2026-03-23 15:04:13.189385
BASIC,0,866,100,46312,29,BMS_TEMP,180,48,24,22,203,STRINGS,37743,21,36772,11,21760,BATTERY_TEMP,24,1,22,111,23,25,52736,HEALTH,100,0,126,30039,CELL,17,37728,477,37728,0,2026-03-23 15:04:13.330792
BASIC,0,866,100,46312,29,BMS_TEMP,180,48,24,22,203,STRINGS,37744,21,36772,11,22016,BATTERY_TEMP,24,1,22,111,23,25,52736,HEALTH,100,0,126,30039,CELL,20,37743,477,37744,0,2026-03-23 15:04:13.473525
BASIC,0,866,100,46312,29,BMS_TEMP,180,48,24,22,203,STRINGS,37743,21,36772,11,21760,BATTERY_TEMP,24,1,22,111,23,25,52736,HEALTH,100,0,126,30039,CELL,22,37736,477,37734,0,2026-03-23 15:04:13.618859
BASIC,0,866,100,46312,29,BMS_TEMP,180,48,24,22,203,STRINGS,37743,21,36773,11,22016,BATTERY_TEMP,24,1,22,111,23,25,52736,HEALTH,100,0,126,30039,CELL,9,37706,477,37707,0,2026-03-23 15:04:13.759068
BASIC,0,866,100,46312,29,BMS_TEMP,180,48,24,22,203,STRINGS,37742,21,36772,11,21504,BATTERY_TEMP,24,1,22,111,23,25,52736,HEALTH,100,0,126,30039,CELL,9,37707,477,37707,0,2026-03-23 15:04:13.902092
BASIC,0,866,100,46312,29,BMS_TEMP,180,48,24,22,203,STRINGS,37742,21,36772,11,21504,BATTERY_TEMP,24,1,22,111,23,25,52736,HEALTH,100,0,126,30039,CELL,11,37733,477,37733,0,2026-03-23 15:04:14.044517
BASIC,0,866,100,46312,29,BMS_TEMP,180,48,24,22,203,STRINGS,37743,21,36772,11,21760,BATTERY_TEMP,24,1,22,111,23,25,52736,HEALTH,100,0,126,29782,CELL,16,37736,477,37735,0,2026-03-23 15:04:14.187564
BASIC,0,866,100,46312,29,BMS_TEMP,180,48,24,22,203,STRINGS,37744,21,36772,11,22016,BATTERY_TEMP,24,1,22,111,23,25,52736,HEALTH,100,0,126,30039,CELL,20,37744,477,37744,0,2026-03-23 15:04:14.332555
BASIC,0,866,100,46312,29,BMS_TEMP,180,48,24,22,203,STRINGS,37743,21,36771,11,21504,BATTERY_TEMP,24,1,22,111,23,25,52736,HEALTH,100,0,126,30039,CELL,0,37577,477,37575,0,2026-03-23 15:04:14.644168
BASIC,0,866,100,46312,29,BMS_TEMP,180,48,24,22,203,STRINGS,37744,21,36772,11,22016,BATTERY_TEMP,24,1,22,111,23,25,52736,HEALTH,100,0,126,30039,CELL,12,37729,477,37728,0,2026-03-23 15:04:14.786157
BASIC,0,866,100,46312,29,BMS_TEMP,180,48,24,22,203,STRINGS,37744,21,36772,11,22016,BATTERY_TEMP,24,1,22,111,23,25,52736,HEALTH,100,0,126,30039,CELL,16,37736,477,37735,0,2026-03-23 15:04:15.060479
BASIC,0,866,100,46312,29,BMS_TEMP,180,48,24,22,203,STRINGS,37744,21,36773,11,22272,BATTERY_TEMP,24,1,22,111,23,25,52736,HEALTH,100,0,126,30039,CELL,2,37664,477,37665,0,2026-03-23 15:04:15.203284
BASIC,0,866,100,46312,29,BMS_TEMP,180,48,24,22,203,STRINGS,37743,21,36772,11,21760,BATTERY_TEMP,24,1,22,111,23,25,52736,HEALTH,100,0,126,29782,CELL,4,37681,477,37681,0,2026-03-23 15:04:15.371774
BASIC,0,866,100,46312,29,BMS_TEMP,180,48,24,22,203,STRINGS,37743,21,36772,11,21760,BATTERY_TEMP,24,1,22,111,23,25,52736,HEALTH,100,0,126,30039,CELL,10,36772,477,36772,0,2026-03-23 15:04:15.685782
BASIC,0,866,100,46312,29,BMS_TEMP,180,48,24,22,203,STRINGS,37744,21,36771,11,21760,BATTERY_TEMP,24,1,22,111,23,25,52736,HEALTH,100,0,126,30039,CELL,19,37730,477,37728,0,2026-03-23 15:04:15.829838
BASIC,0,866,100,46312,29,BMS_TEMP,180,48,24,22,203,STRINGS,37744,21,36772,11,22016,BATTERY_TEMP,24,1,22,111,23,25,52736,HEALTH,100,0,126,30039,CELL,0,37576,477,37577,0,2026-03-23 15:04:15.971688
BASIC,0,866,100,46312,29,BMS_TEMP,180,48,24,22,203,STRINGS,37744,21,36771,11,21760,BATTERY_TEMP,24,1,22,111,23,25,52736,HEALTH,100,0,126,30039,CELL,2,37665,477,37664,0,2026-03-23 15:04:16.113493
BASIC,0,866,100,46312,29,BMS_TEMP,180,48,24,22,203,STRINGS,37744,21,36772,11,22016,BATTERY_TEMP,24,1,22,111,23,25,52736,HEALTH,100,0,126,30039,CELL,8,37702,477,37702,0,2026-03-23 15:04:16.516270
BASIC,0,866,100,46312,29,BMS_TEMP,180,48,24,22,203,STRINGS,37743,21,36772,11,21760,BATTERY_TEMP,24,1,22,111,23,25,52736,HEALTH,100,0,126,30039,CELL,20,37744,477,37743,0,2026-03-23 15:04:16.725749
BASIC,0,866,100,46312,29,BMS_TEMP,180,48,24,22,203,STRINGS,37742,21,36772,11,21504,BATTERY_TEMP,24,1,22,111,23,25,52736,HEALTH,100,0,126,30039,CELL,3,37719,477,37719,0,2026-03-23 15:04:16.866623
BASIC,0,866,100,46312,29,BMS_TEMP,180,48,24,22,203,STRINGS,37743,21,36772,11,21760,BATTERY_TEMP,24,1,22,111,23,25,52736,HEALTH,100,0,126,30039,CELL,16,37736,477,37735,0,2026-03-23 15:04:17.035557
BASIC,0,866,100,46312,29,BMS_TEMP,180,48,24,22,203,STRINGS,37744,21,36771,11,21760,BATTERY_TEMP,24,1,22,111,23,25,52736,HEALTH,100,0,126,30039,CELL,12,37728,477,37728,0,2026-03-23 15:04:17.452053
BASIC,0,866,100,46312,29,BMS_TEMP,180,48,24,22,203,STRINGS,37744,21,36772,11,22016,BATTERY_TEMP,24,1,22,111,23,25,52736,HEALTH,100,0,126,30039,CELL,4,37682,477,37681,0,2026-03-23 15:04:17.869003
BASIC,0,866,100,46312,29,BMS_TEMP,180,48,24,22,203,STRINGS,37743,21,36771,11,21504,BATTERY_TEMP,24,1,22,111,23,25,52736,HEALTH,100,0,126,30039,CELL,13,37730,477,37730,0,2026-03-23 15:04:18.010111
BASIC,0,866,100,46312,29,BMS_TEMP,180,48,24,22,203,STRINGS,37744,21,36772,11,22016,BATTERY_TEMP,24,1,22,111,23,25,52736,HEALTH,100,0,126,30039,CELL,17,37729,477,37728,0,2026-03-23 15:04:18.153249
BASIC,0,866,100,46312,29,BMS_TEMP,180,48,24,22,203,STRINGS,37742,21,36772,11,21504,BATTERY_TEMP,24,1,22,111,23,25,52736,HEALTH,100,0,126,30039,CELL,19,37727,477,37728,0,2026-03-23 15:04:18.297559
BASIC,0,866,100,46312,29,BMS_TEMP,180,48,24,22,203,STRINGS,37743,21,36773,11,22016,BATTERY_TEMP,24,1,22,111,23,25,52736,HEALTH,100,0,126,30039,CELL,22,37735,477,37733,0,2026-03-23 15:04:18.597545
BASIC,0,866,100,46312,29,BMS_TEMP,180,48,24,22,203,STRINGS,37744,21,36773,11,22272,BATTERY_TEMP,24,1,22,111,23,25,52736,HEALTH,100,0,126,30039,CELL,11,37733,477,37733,0,2026-03-23 15:04:19.011598
BASIC,0,866,100,46312,29,BMS_TEMP,180,48,24,22,203,STRINGS,37743,21,36773,11,22016,BATTERY_TEMP,24,1,22,111,23,25,52736,HEALTH,100,0,126,30039,CELL,1,37662,477,37662,0,2026-03-23 15:04:19.154289
BASIC,0,866,100,46312,29,BMS_TEMP,180,48,24,22,203,STRINGS,37743,21,36772,11,21760,BATTERY_TEMP,24,1,22,111,23,25,52736,HEALTH,100,0,126,29782,CELL,3,37719,477,37719,0,2026-03-23 15:04:19.297292
BASIC,0,866,100,46312,29,BMS_TEMP,180,48,24,22,203,STRINGS,37743,21,36772,11,21760,BATTERY_TEMP,24,1,22,111,23,25,52736,HEALTH,100,0,126,30039,CELL,6,37707,477,37707,0,2026-03-23 15:04:19.440288
BASIC,0,866,100,46312,29,BMS_TEMP,180,48,24,22,203,STRINGS,37743,21,36772,11,21760,BATTERY_TEMP,24,1,22,111,23,25,52736,HEALTH,100,0,126,30039,CELL,16,37736,477,37737,0,2026-03-23 15:04:19.637461
BASIC,0,866,100,46312,29,BMS_TEMP,180,48,24,22,203,STRINGS,37743,21,36772,11,21760,BATTERY_TEMP,24,1,22,111,23,25,52736,HEALTH,100,0,126,30039,CELL,18,37719,477,37719,0,2026-03-23 15:04:19.781140
BASIC,0,866,100,46312,29,BMS_TEMP,180,48,24,22,203,STRINGS,37744,21,36772,11,22016,BATTERY_TEMP,24,1,22,111,23,25,52736,HEALTH,100,0,126,30039,CELL,22,37733,477,37733,0,2026-03-23 15:04:20.156427
BASIC,0,866,100,46312,29,BMS_TEMP,180,48,24,22,203,STRINGS,37744,21,36772,11,22016,BATTERY_TEMP,24,1,22,111,23,25,52736,HEALTH,100,0,126,30039,CELL,10,36772,477,36771,0,2026-03-23 15:04:20.365763
BASIC,0,866,100,46312,29,BMS_TEMP,180,48,24,22,203,STRINGS,37742,21,36772,11,21504,BATTERY_TEMP,24,1,22,111,23,25,52736,HEALTH,100,0,126,30039,CELL,16,37735,477,37736,0,2026-03-23 15:04:20.506232
BASIC,0,866,100,46312,29,BMS_TEMP,180,48,24,22,203,STRINGS,37744,21,36772,11,22016,BATTERY_TEMP,24,1,22,111,23,25,52736,HEALTH,100,0,126,29782,CELL,19,37729,477,37728,0,2026-03-23 15:04:20.988998
BASIC,0,866,100,46312,29,BMS_TEMP,180,48,24,22,203,STRINGS,37743,21,36772,11,21760,BATTERY_TEMP,24,1,22,111,23,25,52736,HEALTH,100,0,126,30039,CELL,11,37734,477,37733,0,2026-03-23 15:04:21.131889
BASIC,0,866,100,46312,29,BMS_TEMP,180,48,24,22,203,STRINGS,37744,21,36773,11,22272,BATTERY_TEMP,24,1,22,111,23,25,52736,HEALTH,100,0,126,30039,CELL,14,37734,477,37734,0,2026-03-23 15:04:21.273252
BASIC,0,866,100,46312,29,BMS_TEMP,180,48,24,22,203,STRINGS,37744,21,36772,11,22016,BATTERY_TEMP,24,1,22,111,23,25,52736,HEALTH,100,0,126,30039,CELL,17,37728,477,37728,0,2026-03-23 15:04:21.507639
BASIC,0,866,100,46312,29,BMS_TEMP,180,48,24,22,203,STRINGS,37743,21,36772,11,21760,BATTERY_TEMP,24,1,22,111,23,25,52736,HEALTH,100,0,126,30039,CELL,3,37719,477,37719,0,2026-03-23 15:04:21.715767
BASIC,0,866,100,46312,29,BMS_TEMP,180,48,24,22,203,STRINGS,37741,21,36773,11,21504,BATTERY_TEMP,24,1,22,111,23,25,52736,HEALTH,100,0,126,30039,CELL,9,37707,477,37707,0,2026-03-23 15:04:21.925489
BASIC,0,866,100,46312,29,BMS_TEMP,180,48,24,22,203,STRINGS,37742,21,36772,11,21504,BATTERY_TEMP,24,1,22,111,23,25,52736,HEALTH,100,0,126,30039,CELL,0,37577,477,37576,0,2026-03-23 15:04:22.341677
BASIC,0,866,100,46312,29,BMS_TEMP,180,48,24,22,203,STRINGS,37744,21,36772,11,22016,BATTERY_TEMP,24,1,22,111,23,25,52736,HEALTH,100,0,126,30039,CELL,4,37682,477,37681,0,2026-03-23 15:04:22.654044
BASIC,0,866,100,46312,29,BMS_TEMP,180,48,24,22,203,STRINGS,37743,21,36772,11,21760,BATTERY_TEMP,24,1,22,111,23,25,52736,HEALTH,100,0,126,30039,CELL,13,37730,477,37731,0,2026-03-23 15:04:22.796452
BASIC,0,866,100,46312,29,BMS_TEMP,180,48,24,22,203,STRINGS,37743,21,36773,11,22016,BATTERY_TEMP,24,1,22,111,23,25,52736,HEALTH,100,0,126,30039,CELL,16,37735,477,37736,0,2026-03-23 15:04:22.937420
BASIC,0,866,100,46312,29,BMS_TEMP,180,48,24,22,203,STRINGS,37744,21,36772,11,22016,BATTERY_TEMP,24,1,22,111,23,25,52736,HEALTH,100,0,126,30039,CELL,19,37728,477,37728,0,2026-03-23 15:04:23.080271
BASIC,0,866,100,46312,29,BMS_TEMP,180,48,24,22,203,STRINGS,37743,21,36772,11,21760,BATTERY_TEMP,24,1,22,111,23,25,52736,HEALTH,100,0,126,30039,CELL,2,37665,477,37665,0,2026-03-23 15:04:23.381877
BASIC,0,866,100,46312,29,BMS_TEMP,180,48,24,22,203,STRINGS,37744,21,36772,11,22016,BATTERY_TEMP,24,1,22,111,23,25,52736,HEALTH,100,0,126,30039,CELL,11,37733,477,37733,0,2026-03-23 15:04:23.795718
BASIC,0,866,100,46312,29,BMS_TEMP,180,48,24,22,203,STRINGS,37743,21,36772,11,21760,BATTERY_TEMP,24,1,22,111,23,25,52736,HEALTH,100,0,126,30039,CELL,0,37577,477,37576,0,2026-03-23 15:04:24.003680
BASIC,0,866,100,46312,29,BMS_TEMP,180,48,24,22,203,STRINGS,37743,21,36771,11,21504,BATTERY_TEMP,24,1,22,111,23,25,52736,HEALTH,100,0,126,30039,CELL,6,37707,477,37707,0,2026-03-23 15:04:24.419591
BASIC,0,866,100,46312,29,BMS_TEMP,180,48,24,22,203,STRINGS,37744,21,36772,11,22016,BATTERY_TEMP,24,1,22,111,23,25,52736,HEALTH,100,0,126,30039,CELL,18,37719,477,37719,0,2026-03-23 15:04:24.630012
BASIC,0,866,100,46312,29,BMS_TEMP,180,48,24,22,203,STRINGS,37744,21,36772,11,22016,BATTERY_TEMP,24,1,22,111,23,25,52736,HEALTH,100,0,126,30039,CELL,1,37663,477,37663,0,2026-03-23 15:04:24.837168
BASIC,0,866,100,46312,29,BMS_TEMP,180,48,24,22,203,STRINGS,37743,21,36771,11,21504,BATTERY_TEMP,24,1,22,111,23,25,52736,HEALTH,100,0,126,30039,CELL,8,37702,477,37701,0,2026-03-23 15:04:24.978450
BASIC,0,866,100,46312,29,BMS_TEMP,180,48,24,22,203,STRINGS,37744,21,36772,11,22016,BATTERY_TEMP,24,1,22,111,23,25,52736,HEALTH,100,0,126,30039,CELL,10,36771,477,36771,0,2026-03-23 15:04:25.121364
BASIC,0,866,100,46312,29,BMS_TEMP,180,48,24,22,203,STRINGS,37744,21,36771,11,21760,BATTERY_TEMP,24,1,22,111,23,25,52736,HEALTH,100,0,126,30039,CELL,13,37731,477,37731,0,2026-03-23 15:04:25.358918
BASIC,0,866,100,46312,29,BMS_TEMP,180,48,24,22,203,STRINGS,37743,21,36771,11,21504,BATTERY_TEMP,24,1,22,111,23,25,52736,HEALTH,100,0,126,30039,CELL,22,37734,477,37733,0,2026-03-23 15:04:25.564637
BASIC,0,866,100,46312,29,BMS_TEMP,180,48,24,22,203,STRINGS,37743,21,36771,11,21504,BATTERY_TEMP,24,1,22,111,23,25,52736,HEALTH,100,0,126,29782,CELL,6,37707,477,37708,0,2026-03-23 15:04:25.877242
BASIC,0,866,100,46312,29,BMS_TEMP,180,48,24,22,203,STRINGS,37744,21,36772,11,22016,BATTERY_TEMP,24,1,22,111,23,25,52736,HEALTH,100,0,126,30039,CELL,14,37734,477,37734,0,2026-03-23 15:04:26.018365
BASIC,0,866,100,46312,29,BMS_TEMP,180,48,24,22,203,STRINGS,37743,21,36771,11,21504,BATTERY_TEMP,24,1,22,111,23,25,52736,HEALTH,100,0,126,29782,CELL,17,37729,477,37728,0,2026-03-23 15:04:26.291729
BASIC,0,866,100,46312,29,BMS_TEMP,180,48,24,22,203,STRINGS,37743,21,36772,11,21760,BATTERY_TEMP,24,1,22,111,23,25,52736,HEALTH,100,0,126,30039,CELL,3,37719,477,37718,0,2026-03-23 15:04:26.499256
BASIC,0,866,100,46312,29,BMS_TEMP,180,48,24,22,203,STRINGS,37744,21,36772,11,22016,BATTERY_TEMP,24,1,22,111,23,25,52736,HEALTH,100,0,126,30039,CELL,9,37707,477,37707,0,2026-03-23 15:04:26.642092
BASIC,0,866,100,46312,29,BMS_TEMP,180,48,24,22,203,STRINGS,37742,21,36772,11,21504,BATTERY_TEMP,24,1,22,111,23,25,52736,HEALTH,100,0,126,30039,CELL,12,37727,477,37728,0,2026-03-23 15:04:26.812884
BASIC,0,866,100,46312,29,BMS_TEMP,180,48,24,22,203,STRINGS,37744,21,36772,11,22016,BATTERY_TEMP,24,1,22,111,23,25,52736,HEALTH,100,0,126,30039,CELL,18,37718,477,37717,0,2026-03-23 15:04:26.957359
BASIC,0,866,100,46312,29,BMS_TEMP,180,48,24,22,203,STRINGS,37743,21,36772,11,21760,BATTERY_TEMP,24,1,22,111,23,25,52736,HEALTH,100,0,126,30039,CELL,21,37733,477,37733,0,2026-03-23 15:04:27.097223
BASIC,0,866,100,46312,29,BMS_TEMP,180,48,24,22,203,STRINGS,37743,21,36772,11,21760,BATTERY_TEMP,24,1,22,111,23,25,52736,HEALTH,100,0,126,30039,CELL,1,37663,477,37662,0,2026-03-23 15:04:27.436837
BASIC,0,866,100,46312,29,BMS_TEMP,180,48,24,22,203,STRINGS,37744,21,36772,11,22016,BATTERY_TEMP,24,1,22,111,23,25,52736,HEALTH,100,0,126,30039,CELL,13,37731,477,37731,0,2026-03-23 15:04:27.580264
BASIC,0,866,100,46312,29,BMS_TEMP,180,48,24,22,203,STRINGS,37744,21,36772,11,22016,BATTERY_TEMP,24,1,22,111,23,25,52736,HEALTH,100,0,126,30039,CELL,16,37736,477,37736,0,2026-03-23 15:04:27.852140
BASIC,0,866,100,46312,29,BMS_TEMP,180,48,24,22,203,STRINGS,37744,21,36772,11,22016,BATTERY_TEMP,24,1,22,111,23,25,52736,HEALTH,100,0,126,30039,CELL,2,37665,477,37664,0,2026-03-23 15:04:27.994812
BASIC,0,866,100,46312,29,BMS_TEMP,180,48,24,22,203,STRINGS,37743,21,36772,11,21760,BATTERY_TEMP,24,1,22,111,23,25,52736,HEALTH,100,0,126,29782,CELL,5,37711,477,37711,0,2026-03-23 15:04:28.267379
BASIC,0,866,100,46312,29,BMS_TEMP,180,48,24,22,203,STRINGS,37744,21,36773,11,22272,BATTERY_TEMP,24,1,22,111,23,25,52736,HEALTH,100,0,126,30039,CELL,14,37735,477,37735,0,2026-03-23 15:04:28.478243
BASIC,0,866,100,46312,29,BMS_TEMP,180,48,24,22,203,STRINGS,37744,21,36773,11,22272,BATTERY_TEMP,24,1,22,111,23,25,52736,HEALTH,100,0,126,29782,CELL,21,37734,477,37733,0,2026-03-23 15:04:29.205591
BASIC,0,866,100,46312,29,BMS_TEMP,180,48,24,22,203,STRINGS,37742,21,36772,11,21504,BATTERY_TEMP,24,1,22,111,23,25,52736,HEALTH,100,0,126,29782,CELL,18,37719,477,37718,0,2026-03-23 15:04:29.347039
BASIC,0,866,100,46312,29,BMS_TEMP,180,48,24,22,203,STRINGS,37743,21,36772,11,21760,BATTERY_TEMP,24,1,22,111,23,25,52736,HEALTH,100,0,126,30039,CELL,21,37734,477,37732,0,2026-03-23 15:04:29.489594
BASIC,0,866,100,46312,29,BMS_TEMP,180,48,24,22,203,STRINGS,37743,21,36772,11,21760,BATTERY_TEMP,24,1,22,111,23,25,52736,HEALTH,100,0,126,30039,CELL,1,37662,477,37662,0,2026-03-23 15:04:29.632536
BASIC,0,866,100,46312,29,BMS_TEMP,180,48,24,22,203,STRINGS,37743,21,36771,11,21504,BATTERY_TEMP,24,1,22,111,23,25,52736,HEALTH,100,0,126,30039,CELL,7,37711,477,37711,0,2026-03-23 15:04:29.776979
BASIC,0,866,100,46312,29,BMS_TEMP,180,48,24,22,203,STRINGS,37743,21,36772,11,21760,BATTERY_TEMP,24,1,22,111,23,25,52736,HEALTH,100,0,126,30039,CELL,10,36772,477,36771,0,2026-03-23 15:04:29.931572
BASIC,0,866,100,46312,29,BMS_TEMP,180,48,24,22,203,STRINGS,37744,21,36772,11,22016,BATTERY_TEMP,24,1,22,111,23,25,52736,HEALTH,100,0,126,29782,CELL,17,37729,477,37728,0,2026-03-23 15:04:30.074613
BASIC,0,866,100,46312,29,BMS_TEMP,180,48,24,22,203,STRINGS,37743,21,36772,11,21760,BATTERY_TEMP,24,1,22,111,23,25,52736,HEALTH,100,0,126,29782,CELL,19,37727,477,37729,0,2026-03-23 15:04:30.243587
BASIC,0,866,100,46312,29,BMS_TEMP,180,48,24,22,203,STRINGS,37743,21,36772,11,21760,BATTERY_TEMP,24,1,22,111,23,25,52736,HEALTH,100,0,126,30039,CELL,2,37664,477,37664,0,2026-03-23 15:04:30.386715
BASIC,0,866,100,46312,29,BMS_TEMP,180,48,24,22,203,STRINGS,37745,21,36772,11,22272,BATTERY_TEMP,24,1,22,111,23,25,52736,HEALTH,100,0,126,30039,CELL,5,37711,477,37709,0,2026-03-23 15:04:30.660751
BASIC,0,866,100,46312,29,BMS_TEMP,180,48,24,22,203,STRINGS,37743,21,36772,11,21760,BATTERY_TEMP,24,1,22,111,23,25,52736,HEALTH,100,0,126,29782,CELL,15,37739,477,37739,0,2026-03-23 15:04:30.868096
BASIC,0,866,100,46312,29,BMS_TEMP,180,48,24,22,203,STRINGS,37743,21,36773,11,22016,BATTERY_TEMP,24,1,22,111,23,25,52736,HEALTH,100,0,126,30039,CELL,20,37743,477,37743,0,2026-03-23 15:04:31.388788
BASIC,0,866,100,46312,29,BMS_TEMP,180,48,24,22,203,STRINGS,37743,21,36771,11,21504,BATTERY_TEMP,24,1,22,111,23,25,52736,HEALTH,100,0,126,30039,CELL,12,37729,477,37728,0,2026-03-23 15:04:31.531662
BASIC,0,866,100,46312,29,BMS_TEMP,180,48,24,22,203,STRINGS,37743,21,36772,11,21760,BATTERY_TEMP,24,1,22,111,23,25,52736,HEALTH,100,0,126,30039,CELL,15,37739,477,37739,0,2026-03-23 15:04:31.699482
BASIC,0,866,100,46312,29,BMS_TEMP,180,48,24,22,203,STRINGS,37744,21,36772,11,22016,BATTERY_TEMP,24,1,22,111,23,25,52736,HEALTH,100,0,126,30039,CELL,21,37733,477,37732,0,2026-03-23 15:04:31.842309
BASIC,0,866,100,46312,29,BMS_TEMP,180,48,24,22,203,STRINGS,37745,21,36773,11,22528,BATTERY_TEMP,24,1,22,111,23,25,52736,HEALTH,100,0,126,30039,CELL,1,37662,477,37662,0,2026-03-23 15:04:32.119228
BASIC,0,866,100,46312,29,BMS_TEMP,180,48,24,22,203,STRINGS,37743,21,36772,11,21760,BATTERY_TEMP,24,1,22,111,23,25,52736,HEALTH,100,0,126,30039,CELL,11,37733,477,37733,0,2026-03-23 15:04:32.258744
BASIC,0,866,100,46312,29,BMS_TEMP,180,48,24,22,203,STRINGS,37744,21,36772,11,22016,BATTERY_TEMP,24,1,22,111,23,25,52736,HEALTH,100,0,126,30039,CELL,13,37732,477,37731,0,2026-03-23 15:04:32.739547
BASIC,0,866,100,46312,29,BMS_TEMP,180,48,24,22,203,STRINGS,37743,21,36771,11,21504,BATTERY_TEMP,24,1,22,111,23,25,52736,HEALTH,100,0,126,30039,CELL,5,37711,477,37710,0,2026-03-23 15:04:33.051795
BASIC,0,866,100,46312,29,BMS_TEMP,180,48,24,22,203,STRINGS,37742,21,36772,11,21504,BATTERY_TEMP,24,1,22,111,23,25,52736,HEALTH,100,0,126,30039,CELL,14,37732,477,37735,0,2026-03-23 15:04:33.365661
BASIC,0,866,100,46312,29,BMS_TEMP,180,48,24,22,203,STRINGS,37743,21,36772,11,21760,BATTERY_TEMP,24,1,22,111,23,25,52736,HEALTH,100,0,126,30039,CELL,0,37577,477,37576,0,2026-03-23 15:04:33.572582
BASIC,0,866,100,46312,29,BMS_TEMP,180,48,24,22,203,STRINGS,37743,21,36773,11,22016,BATTERY_TEMP,24,1,22,111,23,25,52736,HEALTH,100,0,126,30039,CELL,7,37710,477,37711,0,2026-03-23 15:04:34.195235
BASIC,0,866,100,46312,29,BMS_TEMP,180,48,24,22,203,STRINGS,37742,21,36772,11,21504,BATTERY_TEMP,24,1,22,111,23,25,52736,HEALTH,100,0,126,30039,CELL,1,37662,477,37662,0,2026-03-23 15:04:34.343895
BASIC,0,866,100,46312,29,BMS_TEMP,180,48,24,22,203,STRINGS,37743,21,36772,11,21760,BATTERY_TEMP,24,1,22,111,23,25,52736,HEALTH,100,0,126,30039,CELL,14,37735,477,37734,0,2026-03-23 15:04:34.611747
BASIC,0,866,100,46312,29,BMS_TEMP,180,48,24,22,203,STRINGS,37744,21,36772,11,22016,BATTERY_TEMP,24,1,22,111,23,25,52736,HEALTH,100,0,126,30039,CELL,13,37731,477,37731,0,2026-03-23 15:04:34.821618
BASIC,0,866,100,46312,29,BMS_TEMP,180,48,24,22,203,STRINGS,37744,21,36772,11,22016,BATTERY_TEMP,24,1,22,111,23,25,52736,HEALTH,100,0,126,30039,CELL,19,37727,477,37727,0,2026-03-23 15:04:35.027054
BASIC,0,866,100,46312,29,BMS_TEMP,180,48,24,22,203,STRINGS,37744,21,36772,11,22016,BATTERY_TEMP,24,1,22,111,23,25,52736,HEALTH,100,0,126,30039,CELL,3,37719,477,37718,0,2026-03-23 15:04:35.342729
BASIC,0,866,100,46312,29,BMS_TEMP,180,48,24,22,203,STRINGS,37743,21,36772,11,21760,BATTERY_TEMP,24,1,22,111,23,25,52736,HEALTH,100,0,126,30039,CELL,11,37733,477,37733,0,2026-03-23 15:04:35.549325
BASIC,0,866,100,46312,29,BMS_TEMP,180,48,24,22,203,STRINGS,37744,21,36772,11,22016,BATTERY_TEMP,24,1,22,111,23,25,52736,HEALTH,100,0,126,30039,CELL,17,37729,477,37728,0,2026-03-23 15:04:35.755846
BASIC,0,866,100,46312,29,BMS_TEMP,180,48,24,22,203,STRINGS,37744,21,36773,11,22272,BATTERY_TEMP,24,1,22,111,23,25,52736,HEALTH,100,0,126,30039,CELL,1,37662,477,37663,0,2026-03-23 15:04:36.483450
BASIC,0,866,100,46312,29,BMS_TEMP,180,48,24,22,203,STRINGS,37744,21,36771,11,21760,BATTERY_TEMP,24,1,22,111,23,25,52736,HEALTH,100,0,126,30039,CELL,22,37735,477,37734,0,2026-03-23 15:04:36.626237
BASIC,0,866,100,46312,29,BMS_TEMP,180,48,24,22,203,STRINGS,37744,21,36773,11,22272,BATTERY_TEMP,24,1,22,111,23,25,52736,HEALTH,100,0,126,30039,CELL,1,37662,477,37662,0,2026-03-23 15:04:36.771515
BASIC,0,866,100,46312,29,BMS_TEMP,180,48,24,22,203,STRINGS,37742,21,36772,11,21504,BATTERY_TEMP,24,1,22,111,23,25,52736,HEALTH,100,0,126,30039,CELL,4,37681,477,37681,0,2026-03-23 15:04:36.912648
BASIC,0,866,100,46312,29,BMS_TEMP,180,48,24,22,203,STRINGS,37743,21,36773,11,22016,BATTERY_TEMP,24,1,22,111,23,25,52736,HEALTH,100,0,126,30039,CELL,22,37735,477,37734,0,2026-03-23 15:04:37.419218
BASIC,0,866,100,46312,29,BMS_TEMP,180,48,24,22,203,STRINGS,37743,21,36773,11,22016,BATTERY_TEMP,24,1,22,111,23,25,52736,HEALTH,100,0,126,30039,CELL,2,37665,477,37664,0,2026-03-23 15:04:37.627467
BASIC,0,866,100,46312,29,BMS_TEMP,180,48,24,22,203,STRINGS,37745,21,36772,11,22272,BATTERY_TEMP,24,1,22,111,23,25,52736,HEALTH,100,0,126,30039,CELL,8,37701,477,37701,0,2026-03-23 15:04:37.941712
BASIC,0,866,100,46312,29,BMS_TEMP,180,48,24,22,203,STRINGS,37742,21,36771,11,21248,BATTERY_TEMP,24,1,22,111,23,25,52736,HEALTH,100,0,126,29782,CELL,18,37718,477,37718,0,2026-03-23 15:04:38.082899
BASIC,0,866,100,46312,29,BMS_TEMP,180,48,24,22,203,STRINGS,37744,21,36772,11,22016,BATTERY_TEMP,24,1,22,111,23,25,52736,HEALTH,100,0,126,29782,CELL,20,37743,477,37743,0,2026-03-23 15:04:38.226432
BASIC,0,866,100,46312,29,BMS_TEMP,180,48,24,22,203,STRINGS,37743,21,36773,11,22016,BATTERY_TEMP,24,1,22,111,23,25,52736,HEALTH,100,0,126,29782,CELL,0,37577,477,37577,0,2026-03-23 15:04:38.368055
BASIC,0,866,100,46312,29,BMS_TEMP,180,48,24,22,203,STRINGS,37744,21,36772,11,22016,BATTERY_TEMP,24,1,22,111,23,25,52736,HEALTH,100,0,126,29782,CELL,6,37707,477,37707,0,2026-03-23 15:04:38.669214
BASIC,0,866,100,46312,29,BMS_TEMP,180,48,24,22,203,STRINGS,37744,21,36770,11,21504,BATTERY_TEMP,24,1,22,111,23,25,52736,HEALTH,100,0,126,30039,CELL,15,37741,477,37739,0,2026-03-23 15:04:38.813056
BASIC,0,866,100,46312,29,BMS_TEMP,180,48,24,22,203,STRINGS,37743,21,36772,11,21760,BATTERY_TEMP,24,1,22,111,23,25,52736,HEALTH,100,0,126,29782,CELL,18,37718,477,37719,0,2026-03-23 15:04:38.979928
BASIC,0,866,100,46312,29,BMS_TEMP,180,48,24,22,203,STRINGS,37745,21,36772,11,22272,BATTERY_TEMP,24,1,22,111,23,25,52736,HEALTH,100,0,126,30039,CELL,1,37662,477,37662,0,2026-03-23 15:04:39.188502
BASIC,0,866,100,46312,29,BMS_TEMP,180,48,24,22,203,STRINGS,37744,21,36772,11,22016,BATTERY_TEMP,24,1,22,111,23,25,52736,HEALTH,100,0,126,29782,CELL,7,37711,477,37710,0,2026-03-23 15:04:39.396865
BASIC,0,866,100,46312,29,BMS_TEMP,180,48,24,22,203,STRINGS,37745,21,36772,11,22272,BATTERY_TEMP,24,1,22,111,23,25,52736,HEALTH,100,0,126,30039,CELL,14,37736,477,37735,0,2026-03-23 15:04:40.124645
BASIC,0,866,100,46312,29,BMS_TEMP,180,48,24,22,203,STRINGS,37745,21,36772,11,22272,BATTERY_TEMP,24,1,22,111,23,25,52736,HEALTH,100,0,126,30039,CELL,11,37733,477,37733,0,2026-03-23 15:04:40.267219
BASIC,0,866,100,46312,29,BMS_TEMP,180,48,24,22,203,STRINGS,37742,21,36773,11,21760,BATTERY_TEMP,24,1,22,111,23,25,52736,HEALTH,100,0,126,30039,CELL,14,37734,477,37734,0,2026-03-23 15:04:40.409234
BASIC,0,866,100,46312,29,BMS_TEMP,180,48,24,22,203,STRINGS,37743,21,36773,11,22016,BATTERY_TEMP,24,1,22,111,23,25,52736,HEALTH,100,0,126,29782,CELL,17,37729,477,37729,0,2026-03-23 15:04:40.552531
BASIC,0,866,100,46312,29,BMS_TEMP,180,48,24,22,203,STRINGS,37744,21,36772,11,22016,BATTERY_TEMP,24,1,22,111,23,25,52736,HEALTH,100,0,126,30039,CELL,0,37576,477,37576,0,2026-03-23 15:04:40.854113
BASIC,0,866,100,46312,29,BMS_TEMP,180,48,24,22,203,STRINGS,37743,21,36772,11,21760,BATTERY_TEMP,24,1,22,111,23,25,52736,HEALTH,100,0,126,30039,CELL,9,37708,477,37707,0,2026-03-23 15:04:41.164208
BASIC,0,866,100,46312,29,BMS_TEMP,180,48,24,22,203,STRINGS,37745,21,36772,11,22272,BATTERY_TEMP,24,1,22,111,23,25,52736,HEALTH,100,0,126,30039,CELL,18,37718,477,37718,0,2026-03-23 15:04:41.580720
BASIC,0,866,100,46312,29,BMS_TEMP,180,48,24,22,203,STRINGS,37744,21,36772,11,22016,BATTERY_TEMP,24,1,22,111,23,25,52736,HEALTH,100,0,126,30039,CELL,8,37701,477,37701,0,2026-03-23 15:04:41.723188
BASIC,0,866,100,46312,29,BMS_TEMP,180,48,24,22,203,STRINGS,37743,21,36772,11,21760,BATTERY_TEMP,24,1,22,111,23,25,52736,HEALTH,100,0,126,29782,CELL,20,37744,477,37743,0,2026-03-23 15:04:41.891431
BASIC,0,866,100,46312,29,BMS_TEMP,180,48,24,22,203,STRINGS,37743,21,36773,11,22016,BATTERY_TEMP,24,1,22,111,23,25,52736,HEALTH,100,0,126,29782,CELL,16,37737,477,37735,0,2026-03-23 15:04:42.034319
BASIC,0,866,100,46312,29,BMS_TEMP,180,48,24,22,203,STRINGS,37743,21,36771,11,21504,BATTERY_TEMP,24,1,22,111,23,25,52736,HEALTH,100,0,126,29782,CELL,19,37727,477,37727,0,2026-03-23 15:04:42.309479
BASIC,0,866,100,46312,29,BMS_TEMP,180,48,24,22,203,STRINGS,37743,21,36771,11,21504,BATTERY_TEMP,24,1,22,111,23,25,52736,HEALTH,100,0,126,30039,CELL,5,37711,477,37711,0,2026-03-23 15:04:42.724917
BASIC,0,866,100,46312,29,BMS_TEMP,180,48,24,22,203,STRINGS,37743,21,36771,11,21504,BATTERY_TEMP,24,1,22,111,23,25,52736,HEALTH,100,0,126,30039,CELL,17,37729,477,37729,0,2026-03-23 15:04:42.866220
BASIC,0,866,100,46312,29,BMS_TEMP,180,48,24,22,203,STRINGS,37744,21,36772,11,22016,BATTERY_TEMP,24,1,22,111,23,25,52736,HEALTH,100,0,126,30039,CELL,20,37744,477,37743,0,2026-03-23 15:04:43.035337
BASIC,0,866,100,46312,29,BMS_TEMP,180,48,24,22,203,STRINGS,37744,21,36771,11,21760,BATTERY_TEMP,24,1,22,111,23,25,52736,HEALTH,100,0,126,30039,CELL,4,37681,477,37681,0,2026-03-23 15:04:43.245590
BASIC,0,866,100,46312,29,BMS_TEMP,180,48,24,22,203,STRINGS,37743,21,36772,11,21760,BATTERY_TEMP,24,1,22,111,23,25,52736,HEALTH,100,0,126,29782,CELL,9,37707,477,37707,0,2026-03-23 15:04:43.389031
BASIC,0,866,100,46312,29,BMS_TEMP,180,48,24,22,203,STRINGS,37743,21,36772,11,21760,BATTERY_TEMP,24,1,22,111,23,25,52736,HEALTH,100,0,126,30039,CELL,12,37729,477,37729,0,2026-03-23 15:04:43.661785
BASIC,0,866,100,46312,29,BMS_TEMP,180,48,24,22,203,STRINGS,37743,21,36773,11,22016,BATTERY_TEMP,24,1,22,111,23,25,52736,HEALTH,100,0,126,29782,CELL,21,37734,477,37733,0,2026-03-23 15:04:43.802339
BASIC,0,866,100,46312,29,BMS_TEMP,180,48,24,22,203,STRINGS,37744,21,36773,11,22272,BATTERY_TEMP,24,1,22,111,23,25,52736,HEALTH,100,0,126,30039,CELL,1,37663,477,37662,0,2026-03-23 15:04:43.947509
BASIC,0,866,100,46312,29,BMS_TEMP,180,48,24,22,203,STRINGS,37743,21,36772,11,21760,BATTERY_TEMP,24,1,22,111,23,25,52736,HEALTH,100,0,126,29782,CELL,4,37682,477,37681,0,2026-03-23 15:04:44.180154
BASIC,0,866,100,46312,29,BMS_TEMP,180,48,24,22,203,STRINGS,37745,21,36772,11,22272,BATTERY_TEMP,24,1,22,111,23,25,52736,HEALTH,100,0,126,30039,CELL,13,37731,477,37730,0,2026-03-23 15:04:44.492392
BASIC,0,866,100,46312,29,BMS_TEMP,180,48,24,22,203,STRINGS,37744,21,36772,11,22016,BATTERY_TEMP,24,1,22,111,23,25,52736,HEALTH,100,0,126,30039,CELL,22,37733,477,37735,0,2026-03-23 15:04:44.806095
BASIC,0,866,100,46312,29,BMS_TEMP,180,48,24,22,203,STRINGS,37744,21,36772,11,22016,BATTERY_TEMP,24,1,22,111,23,25,52736,HEALTH,100,0,126,30039,CELL,8,37702,477,37702,0,2026-03-23 15:04:45.116969
BASIC,0,866,100,46312,29,BMS_TEMP,180,48,24,22,203,STRINGS,37742,21,36772,11,21504,BATTERY_TEMP,24,1,22,111,23,25,52736,HEALTH,100,0,126,30039,CELL,17,37729,477,37728,0,2026-03-23 15:04:45.258231
BASIC,0,866,100,46312,29,BMS_TEMP,180,48,24,22,203,STRINGS,37743,21,36772,11,21760,BATTERY_TEMP,24,1,22,111,23,25,52736,HEALTH,100,0,126,29782,CELL,20,37744,477,37744,0,2026-03-23 15:04:45.741832
BASIC,0,866,100,46312,29,BMS_TEMP,180,48,24,22,203,STRINGS,37743,21,36772,11,21760,BATTERY_TEMP,24,1,22,111,23,25,52736,HEALTH,100,0,126,30039,CELL,12,37729,477,37728,0,2026-03-23 15:04:45.950596
BASIC,0,866,100,46312,29,BMS_TEMP,180,48,24,22,203,STRINGS,37743,21,36772,11,21760,BATTERY_TEMP,24,1,22,111,23,25,52736,HEALTH,100,0,126,30039,CELL,18,37718,477,37718,0,2026-03-23 15:04:46.155431
BASIC,0,866,100,46312,29,BMS_TEMP,180,48,24,22,203,STRINGS,37743,21,36771,11,21504,BATTERY_TEMP,24,1,22,111,23,25,52736,HEALTH,100,0,126,30039,CELL,1,37662,477,37662,0,2026-03-23 15:04:46.365778
BASIC,0,866,100,46312,29,BMS_TEMP,180,48,24,22,203,STRINGS,37743,21,36773,11,22016,BATTERY_TEMP,24,1,22,111,23,25,52736,HEALTH,100,0,126,30039,CELL,7,37710,477,37710,0,2026-03-23 15:04:46.678449
BASIC,0,866,100,46312,29,BMS_TEMP,180,48,24,22,203,STRINGS,37743,21,36772,11,21760,BATTERY_TEMP,24,1,22,111,23,25,52736,HEALTH,100,0,126,30039,CELL,16,37736,477,37736,0,2026-03-23 15:04:46.821815
BASIC,0,866,100,46312,29,BMS_TEMP,180,48,24,22,203,STRINGS,37743,21,36772,11,21760,BATTERY_TEMP,24,1,22,111,23,25,52736,HEALTH,100,0,126,30039,CELL,19,37727,477,37727,0,2026-03-23 15:04:46.962971
BASIC,0,866,100,46312,29,BMS_TEMP,180,48,24,22,203,STRINGS,37744,21,36771,11,21760,BATTERY_TEMP,24,1,22,111,23,25,52736,HEALTH,100,0,126,30039,CELL,19,37729,477,37727,0,2026-03-23 15:04:47.106393
BASIC,0,866,100,46312,29,BMS_TEMP,180,48,24,22,203,STRINGS,37742,21,36771,11,21248,BATTERY_TEMP,24,1,22,111,23,25,52736,HEALTH,100,0,126,30039,CELL,9,37706,477,37707,0,2026-03-23 15:04:47.249928
BASIC,0,866,100,46312,29,BMS_TEMP,180,48,24,22,203,STRINGS,37743,21,36773,11,22016,BATTERY_TEMP,24,1,22,111,23,25,52736,HEALTH,100,0,126,29782,CELL,8,37703,477,37702,0,2026-03-23 15:04:47.390622
BASIC,0,866,100,46312,29,BMS_TEMP,180,48,24,22,203,STRINGS,37744,21,36771,11,21760,BATTERY_TEMP,24,1,22,111,23,25,52736,HEALTH,100,0,126,30039,CELL,11,37733,477,37733,0,2026-03-23 15:04:47.533493
BASIC,0,866,100,46312,29,BMS_TEMP,180,48,24,22,203,STRINGS,37743,21,36772,11,21760,BATTERY_TEMP,24,1,22,111,23,25,52736,HEALTH,100,0,126,29782,CELL,16,37736,477,37736,0,2026-03-23 15:04:48.027708
BASIC,0,866,100,46312,29,BMS_TEMP,180,48,24,22,203,STRINGS,37743,21,36772,11,21760,BATTERY_TEMP,24,1,22,111,23,25,52736,HEALTH,100,0,126,30039,CELL,9,37707,477,37707,0,2026-03-23 15:04:48.170166
BASIC,0,866,100,46312,29,BMS_TEMP,180,48,24,22,203,STRINGS,37743,21,36771,11,21504,BATTERY_TEMP,24,1,22,111,23,25,52736,HEALTH,100,0,126,30039,CELL,12,37729,477,37728,0,2026-03-23 15:04:48.339372
BASIC,0,866,100,46312,29,BMS_TEMP,180,48,24,22,203,STRINGS,37744,21,36772,11,22016,BATTERY_TEMP,24,1,22,111,23,25,52736,HEALTH,100,0,126,29782,CELL,18,37718,477,37719,0,2026-03-23 15:04:48.654401
BASIC,0,866,100,46312,29,BMS_TEMP,180,48,24,22,203,STRINGS,37743,21,36772,11,21760,BATTERY_TEMP,24,1,22,111,23,25,52736,HEALTH,100,0,126,30039,CELL,4,37682,477,37681,0,2026-03-23 15:04:48.862108
BASIC,0,866,100,46312,29,BMS_TEMP,180,48,24,22,203,STRINGS,37743,21,36771,11,21504,BATTERY_TEMP,24,1,22,111,23,25,52736,HEALTH,100,0,126,30039,CELL,10,36772,477,36771,0,2026-03-23 15:04:49.589444
BASIC,0,866,100,46312,29,BMS_TEMP,180,48,24,22,203,STRINGS,37741,21,36772,11,21248,BATTERY_TEMP,24,1,22,111,23,25,52736,HEALTH,100,0,126,30039,CELL,8,37702,477,37702,0,2026-03-23 15:04:49.732009
BASIC,0,866,100,46312,29,BMS_TEMP,180,48,24,22,203,STRINGS,37744,21,36772,11,22016,BATTERY_TEMP,24,1,22,111,23,25,52736,HEALTH,100,0,126,29782,CELL,11,37733,477,37734,0,2026-03-23 15:04:49.899532
BASIC,0,866,100,46312,29,BMS_TEMP,180,48,24,22,203,STRINGS,37744,21,36771,11,21760,BATTERY_TEMP,24,1,22,111,23,25,52736,HEALTH,100,0,126,30039,CELL,17,37730,477,37728,0,2026-03-23 15:04:50.042601
BASIC,0,866,100,46312,29,BMS_TEMP,180,48,24,22,203,STRINGS,37743,21,36771,11,21504,BATTERY_TEMP,24,1,22,111,23,25,52736,HEALTH,100,0,126,30039,CELL,20,37743,477,37742,0,2026-03-23 15:04:50.186016
BASIC,0,866,100,46312,29,BMS_TEMP,180,48,24,22,203,STRINGS,37744,21,36771,11,21760,BATTERY_TEMP,24,1,22,111,23,25,52736,HEALTH,100,0,126,30039,CELL,0,37576,477,37576,0,2026-03-23 15:04:50.328472
BASIC,0,866,100,46312,29,BMS_TEMP,180,48,24,22,203,STRINGS,37745,21,36771,11,22016,BATTERY_TEMP,24,1,22,111,23,25,52736,HEALTH,100,0,126,29782,CELL,6,37708,477,37707,0,2026-03-23 15:04:51.044260
BASIC,0,866,100,46312,29,BMS_TEMP,180,48,24,22,203,STRINGS,37742,21,36773,11,21760,BATTERY_TEMP,24,1,22,111,23,25,52736,HEALTH,100,0,126,30039,CELL,4,37682,477,37681,0,2026-03-23 15:04:51.254211
BASIC,0,866,100,46312,29,BMS_TEMP,180,48,24,22,203,STRINGS,37744,21,36772,11,22016,BATTERY_TEMP,24,1,22,111,23,25,52736,HEALTH,100,0,126,30039,CELL,10,36772,477,36771,0,2026-03-23 15:04:51.394502
BASIC,0,866,100,46312,29,BMS_TEMP,180,48,24,22,203,STRINGS,37743,21,36771,11,21504,BATTERY_TEMP,24,1,22,111,23,25,52736,HEALTH,100,0,126,30039,CELL,13,37732,477,37731,0,2026-03-23 15:04:51.563963
BASIC,0,866,100,46312,29,BMS_TEMP,180,48,24,22,203,STRINGS,37743,21,36772,11,21760,BATTERY_TEMP,24,1,22,111,23,25,52736,HEALTH,100,0,126,30039,CELL,19,37729,477,37728,0,2026-03-23 15:04:51.708288
BASIC,0,866,100,46312,29,BMS_TEMP,180,48,24,22,203,STRINGS,37744,21,36773,11,22272,BATTERY_TEMP,24,1,22,111,23,25,52736,HEALTH,100,0,126,29782,CELL,22,37734,477,37733,0,2026-03-23 15:04:51.849288
BASIC,0,866,100,46312,29,BMS_TEMP,180,48,24,22,203,STRINGS,37744,21,36772,11,22016,BATTERY_TEMP,24,1,22,111,23,25,52736,HEALTH,100,0,126,30039,CELL,2,37663,477,37665,0,2026-03-23 15:04:51.992407
BASIC,0,866,100,46312,29,BMS_TEMP,180,48,24,22,203,STRINGS,37743,21,36772,11,21760,BATTERY_TEMP,24,1,22,111,23,25,52736,HEALTH,100,0,126,30039,CELL,12,37728,477,37728,0,2026-03-23 15:04:52.135209
BASIC,0,866,100,46312,29,BMS_TEMP,180,48,24,22,203,STRINGS,37744,21,36772,11,22016,BATTERY_TEMP,24,1,22,111,23,25,52736,HEALTH,100,0,126,30039,CELL,11,37735,477,37733,0,2026-03-23 15:04:52.397191
BASIC,0,866,100,46312,29,BMS_TEMP,180,48,24,22,203,STRINGS,37743,21,36772,11,21760,BATTERY_TEMP,24,1,22,111,23,25,52736,HEALTH,100,0,126,29782,CELL,20,37743,477,37743,0,2026-03-23 15:04:52.538279
BASIC,0,866,100,46312,29,BMS_TEMP,180,48,24,22,203,STRINGS,37743,21,36773,11,22016,BATTERY_TEMP,24,1,22,111,23,25,52736,HEALTH,100,0,126,29782,CELL,0,37575,477,37576,0,2026-03-23 15:04:52.812641
BASIC,0,866,100,46312,29,BMS_TEMP,180,48,24,22,203,STRINGS,37742,21,36771,11,21248,BATTERY_TEMP,24,1,22,111,23,25,52736,HEALTH,100,0,126,30039,CELL,9,37706,477,37707,0,2026-03-23 15:04:53.229614
BASIC,0,866,100,46312,29,BMS_TEMP,180,48,24,22,203,STRINGS,37742,21,36772,11,21504,BATTERY_TEMP,24,1,22,111,23,25,52736,HEALTH,100,0,126,29782,CELL,21,37733,477,37732,0,2026-03-23 15:04:53.645311
BASIC,0,866,100,46312,29,BMS_TEMP,180,48,24,22,203,STRINGS,37743,21,36772,11,21760,BATTERY_TEMP,24,1,22,111,23,25,52736,HEALTH,100,0,126,29782,CELL,10,36772,477,36771,0,2026-03-23 15:04:53.786959
BASIC,0,866,100,46312,29,BMS_TEMP,180,48,24,22,203,STRINGS,37744,21,36771,11,21760,BATTERY_TEMP,24,1,22,111,23,25,52736,HEALTH,100,0,126,30039,CELL,13,37733,477,37731,0,2026-03-23 15:04:53.955464
BASIC,0,866,100,46312,29,BMS_TEMP,180,48,24,22,203,STRINGS,37744,21,36771,11,21760,BATTERY_TEMP,24,1,22,111,23,25,52736,HEALTH,100,0,126,30039,CELL,19,37727,477,37727,0,2026-03-23 15:04:54.267555
BASIC,0,866,100,46312,29,BMS_TEMP,180,48,24,22,203,STRINGS,37742,21,36772,11,21504,BATTERY_TEMP,24,1,22,111,23,25,52736,HEALTH,100,0,126,30039,CELL,5,37711,477,37710,0,2026-03-23 15:04:54.685634
BASIC,0,866,100,46312,29,BMS_TEMP,180,48,24,22,203,STRINGS,37743,21,36771,11,21504,BATTERY_TEMP,24,1,22,111,23,25,52736,HEALTH,100,0,126,29782,CELL,18,37718,477,37718,0,2026-03-23 15:04:54.827651
BASIC,0,866,100,46312,29,BMS_TEMP,180,48,24,22,203,STRINGS,37743,21,36772,11,21760,BATTERY_TEMP,24,1,22,111,23,25,52736,HEALTH,100,0,126,30039,CELL,20,37743,477,37743,0,2026-03-23 15:04:55.100936
BASIC,0,866,100,46312,29,BMS_TEMP,180,48,24,22,203,STRINGS,37744,21,36772,11,22016,BATTERY_TEMP,24,1,22,111,23,25,52736,HEALTH,100,0,126,29782,CELL,6,37708,477,37707,0,2026-03-23 15:04:55.413363
BASIC,0,866,100,46312,29,BMS_TEMP,180,48,24,22,203,STRINGS,37742,21,36771,11,21248,BATTERY_TEMP,24,1,22,111,23,25,52736,HEALTH,100,0,126,30039,CELL,15,37739,477,37739,0,2026-03-23 15:04:55.554054
BASIC,0,866,100,46312,29,BMS_TEMP,180,48,24,22,203,STRINGS,37744,21,36772,11,22016,BATTERY_TEMP,24,1,22,111,23,25,52736,HEALTH,100,0,126,30039,CELL,18,37719,477,37719,0,2026-03-23 15:04:55.697202
BASIC,0,866,100,46312,29,BMS_TEMP,180,48,24,22,203,STRINGS,37743,21,36772,11,21760,BATTERY_TEMP,24,1,22,111,23,25,52736,HEALTH,100,0,126,29782,CELL,21,37733,477,37733,0,2026-03-23 15:04:55.840300
BASIC,0,866,100,46312,29,BMS_TEMP,180,48,24,22,203,STRINGS,37744,21,36772,11,22016,BATTERY_TEMP,24,1,22,111,23,25,52736,HEALTH,100,0,126,30039,CELL,8,37702,477,37701,0,2026-03-23 15:04:56.140127
BASIC,0,866,100,46312,29,BMS_TEMP,180,48,24,22,203,STRINGS,37742,21,36772,11,21504,BATTERY_TEMP,24,1,22,111,23,25,52736,HEALTH,100,0,126,30039,CELL,13,37731,477,37730,0,2026-03-23 15:04:56.283504
BASIC,0,866,100,46312,29,BMS_TEMP,180,48,24,22,203,STRINGS,37742,21,36772,11,21504,BATTERY_TEMP,24,1,22,111,23,25,52736,HEALTH,100,0,126,29782,CELL,16,37736,477,37735,0,2026-03-23 15:04:56.425255
BASIC,0,866,100,46312,29,BMS_TEMP,180,48,24,22,203,STRINGS,37743,21,36771,11,21504,BATTERY_TEMP,24,1,22,111,23,25,52736,HEALTH,100,0,126,30039,CELL,19,37728,477,37728,0,2026-03-23 15:04:56.568472
BASIC,0,866,100,46312,29,BMS_TEMP,180,48,24,22,203,STRINGS,37743,21,36773,11,22016,BATTERY_TEMP,24,1,22,111,23,25,52736,HEALTH,100,0,126,30039,CELL,6,37708,477,37707,0,2026-03-23 15:04:56.713776
BASIC,0,866,100,46312,29,BMS_TEMP,180,48,24,22,203,STRINGS,37743,21,36772,11,21760,BATTERY_TEMP,24,1,22,111,23,25,52736,HEALTH,100,0,126,30039,CELL,5,37711,477,37711,0,2026-03-23 15:04:56.867315
BASIC,0,866,100,46312,29,BMS_TEMP,180,48,24,22,203,STRINGS,37744,21,36773,11,22272,BATTERY_TEMP,24,1,22,111,23,25,52736,HEALTH,100,0,126,29782,CELL,11,37735,477,37733,0,2026-03-23 15:04:57.284403
BASIC,0,866,100,46312,29,BMS_TEMP,180,48,24,22,203,STRINGS,37744,21,36772,11,22016,BATTERY_TEMP,24,1,22,111,23,25,52736,HEALTH,100,0,126,29782,CELL,1,37663,477,37662,0,2026-03-23 15:04:57.599070
BASIC,0,866,100,46312,29,BMS_TEMP,180,48,24,22,203,STRINGS,37743,21,36772,11,21760,BATTERY_TEMP,24,1,22,111,23,25,52736,HEALTH,100,0,126,30039,CELL,9,37708,477,37707,0,2026-03-23 15:04:58.223162
BASIC,0,866,100,46312,29,BMS_TEMP,180,48,24,22,203,STRINGS,37743,21,36771,11,21504,BATTERY_TEMP,24,1,22,111,23,25,52736,HEALTH,100,0,126,30039,CELL,4,37682,477,37681,0,2026-03-23 15:04:58.365213
BASIC,0,866,100,46312,29,BMS_TEMP,180,48,24,22,203,STRINGS,37744,21,36773,11,22272,BATTERY_TEMP,24,1,22,111,23,25,52736,HEALTH,100,0,126,30039,CELL,7,37711,477,37711,0,2026-03-23 15:04:58.507565
BASIC,0,866,100,46312,29,BMS_TEMP,180,48,24,22,203,STRINGS,37744,21,36772,11,22016,BATTERY_TEMP,24,1,22,111,23,25,52736,HEALTH,100,0,126,29782,CELL,10,36772,477,36771,0,2026-03-23 15:04:58.742649
BASIC,0,866,100,46312,29,BMS_TEMP,180,48,24,22,203,STRINGS,37744,21,36772,11,22016,BATTERY_TEMP,24,1,22,111,23,25,52736,HEALTH,100,0,126,30039,CELL,19,37729,477,37729,0,2026-03-23 15:04:58.882434
BASIC,0,866,100,46312,29,BMS_TEMP,180,48,24,22,203,STRINGS,37743,21,36772,11,21760,BATTERY_TEMP,24,1,22,111,23,25,52736,HEALTH,100,0,126,30039,CELL,22,37735,477,37734,0,2026-03-23 15:04:59.025162
BASIC,0,866,100,46312,29,BMS_TEMP,180,48,24,22,203,STRINGS,37745,21,36772,11,22272,BATTERY_TEMP,24,1,22,111,23,25,52736,HEALTH,100,0,126,30039,CELL,2,37664,477,37663,0,2026-03-23 15:04:59.168685
BASIC,0,866,100,46312,29,BMS_TEMP,180,48,24,22,203,STRINGS,37744,21,36772,11,22016,BATTERY_TEMP,24,1,22,111,23,25,52736,HEALTH,100,0,126,30039,CELL,5,37712,477,37711,0,2026-03-23 15:04:59.782846
BASIC,0,866,100,46312,29,BMS_TEMP,180,48,24,22,203,STRINGS,37742,21,36773,11,21760,BATTERY_TEMP,24,1,22,111,23,25,52736,HEALTH,100,0,126,30039,CELL,3,37719,477,37718,0,2026-03-23 15:05:00.197336
BASIC,0,866,100,46312,29,BMS_TEMP,180,48,24,22,203,STRINGS,37744,21,36772,11,22016,BATTERY_TEMP,24,1,22,111,23,25,52736,HEALTH,100,0,126,30039,CELL,15,37739,477,37739,0,2026-03-23 15:05:00.510381
BASIC,0,866,100,46312,29,BMS_TEMP,180,48,24,22,203,STRINGS,37744,21,36772,11,22016,BATTERY_TEMP,24,1,22,111,23,25,52736,HEALTH,100,0,126,30039,CELL,2,37665,477,37664,0,2026-03-23 15:05:00.651196
BASIC,0,866,100,46312,29,BMS_TEMP,180,48,24,22,203,STRINGS,37745,21,36771,11,22016,BATTERY_TEMP,24,1,22,111,23,25,52736,HEALTH,100,0,126,30039,CELL,4,37682,477,37681,0,2026-03-23 15:05:00.793278
BASIC,0,866,100,46312,29,BMS_TEMP,180,48,24,22,203,STRINGS,37743,21,36772,11,21760,BATTERY_TEMP,24,1,22,111,23,25,52736,HEALTH,100,0,126,30039,CELL,7,37711,477,37710,0,2026-03-23 15:05:00.938535
BASIC,0,866,100,46312,29,BMS_TEMP,180,48,24,22,203,STRINGS,37742,21,36772,11,21504,BATTERY_TEMP,24,1,22,111,23,25,52736,HEALTH,100,0,126,30039,CELL,13,37732,477,37731,0,2026-03-23 15:05:01.237675
BASIC,0,866,100,46312,29,BMS_TEMP,180,48,24,22,203,STRINGS,37745,21,36771,11,22016,BATTERY_TEMP,24,1,22,111,23,25,52736,HEALTH,100,0,126,29782,CELL,22,37734,477,37733,0,2026-03-23 15:05:01.653933
BASIC,0,866,100,46312,29,BMS_TEMP,180,48,24,22,203,STRINGS,37743,21,36772,11,21760,BATTERY_TEMP,24,1,22,111,23,25,52736,HEALTH,100,0,126,30039,CELL,11,37734,477,37734,0,2026-03-23 15:05:01.859468
BASIC,0,866,100,46312,29,BMS_TEMP,180,48,24,22,203,STRINGS,37743,21,36770,11,21248,BATTERY_TEMP,24,1,22,111,23,25,52736,HEALTH,100,0,126,30039,CELL,17,37729,477,37728,0,2026-03-23 15:05:02.002350
BASIC,0,866,100,46312,29,BMS_TEMP,180,48,24,22,203,STRINGS,37743,21,36771,11,21504,BATTERY_TEMP,24,1,22,111,23,25,52736,HEALTH,100,0,126,30039,CELL,20,37744,477,37743,0,2026-03-23 15:05:02.145258
BASIC,0,866,100,46312,29,BMS_TEMP,180,48,24,22,203,STRINGS,37744,21,36771,11,21760,BATTERY_TEMP,24,1,22,111,23,25,52736,HEALTH,100,0,126,30039,CELL,0,37578,477,37577,0,2026-03-23 15:05:02.382860
BASIC,0,866,100,46312,29,BMS_TEMP,180,48,24,22,203,STRINGS,37744,21,36772,11,22016,BATTERY_TEMP,24,1,22,111,23,25,52736,HEALTH,100,0,126,30039,CELL,9,37707,477,37707,0,2026-03-23 15:05:02.694071
BASIC,0,866,100,46312,29,BMS_TEMP,180,48,24,22,203,STRINGS,37743,21,36772,11,21760,BATTERY_TEMP,24,1,22,111,23,25,52736,HEALTH,100,0,126,29782,CELL,18,37718,477,37718,0,2026-03-23 15:05:02.901459
BASIC,0,866,100,46312,29,BMS_TEMP,180,48,24,22,203,STRINGS,37744,21,36772,11,22016,BATTERY_TEMP,24,1,22,111,23,25,52736,HEALTH,100,0,126,30039,CELL,1,37662,477,37662,0,2026-03-23 15:05:03.108262
BASIC,0,866,100,46312,29,BMS_TEMP,180,48,24,22,203,STRINGS,37744,21,36772,11,22016,BATTERY_TEMP,24,1,22,111,23,25,52736,HEALTH,100,0,126,29782,CELL,7,37710,477,37710,0,2026-03-23 15:05:03.421356
BASIC,0,866,100,46312,29,BMS_TEMP,180,48,24,22,203,STRINGS,37742,21,36770,11,20992,BATTERY_TEMP,24,1,22,111,23,25,52736,HEALTH,100,0,126,29782,CELL,16,37736,477,37736,0,2026-03-23 15:05:03.564690
BASIC,0,866,100,46312,29,BMS_TEMP,180,48,24,22,203,STRINGS,37743,21,36772,11,21760,BATTERY_TEMP,24,1,22,111,23,25,52736,HEALTH,100,0,126,30039,CELL,19,37729,477,37728,0,2026-03-23 15:05:03.705106
BASIC,0,866,100,46312,29,BMS_TEMP,180,48,24,22,203,STRINGS,37744,21,36772,11,22016,BATTERY_TEMP,24,1,22,111,23,25,52736,HEALTH,100,0,126,30039,CELL,22,37732,477,37733,0,2026-03-23 15:05:04.147781
BASIC,0,866,100,46312,29,BMS_TEMP,180,48,24,22,203,STRINGS,37744,21,36772,11,22016,BATTERY_TEMP,24,1,22,111,23,25,52736,HEALTH,100,0,126,29782,CELL,14,37735,477,37734,0,2026-03-23 15:05:04.293208
BASIC,0,866,100,46312,29,BMS_TEMP,180,48,24,22,203,STRINGS,37744,21,36771,11,21760,BATTERY_TEMP,24,1,22,111,23,25,52736,HEALTH,100,0,126,30039,CELL,17,37730,477,37729,0,2026-03-23 15:05:04.564036
BASIC,0,866,100,46312,29,BMS_TEMP,180,48,24,22,203,STRINGS,37744,21,36772,11,22016,BATTERY_TEMP,24,1,22,111,23,25,52736,HEALTH,100,0,126,30039,CELL,3,37718,477,37719,0,2026-03-23 15:05:04.773819
BASIC,0,866,100,46312,29,BMS_TEMP,180,48,24,22,203,STRINGS,37741,21,36772,11,21248,BATTERY_TEMP,24,1,22,111,23,25,52736,HEALTH,100,0,126,30039,CELL,9,37707,477,37707,0,2026-03-23 15:05:04.916124
BASIC,0,866,100,46312,29,BMS_TEMP,180,48,24,22,203,STRINGS,37743,21,36771,11,21504,BATTERY_TEMP,24,1,22,111,23,25,52736,HEALTH,100,0,126,29782,CELL,22,37734,477,37733,0,2026-03-23 15:05:05.057299
BASIC,0,866,100,46312,29,BMS_TEMP,180,48,24,22,203,STRINGS,37745,21,36771,11,22016,BATTERY_TEMP,24,1,22,111,23,25,52736,HEALTH,100,0,126,29782,CELL,15,37739,477,37739,0,2026-03-23 15:05:05.200326
BASIC,0,866,100,46312,29,BMS_TEMP,180,48,24,22,203,STRINGS,37744,21,36772,11,22016,BATTERY_TEMP,24,1,22,111,23,25,52736,HEALTH,100,0,126,29782,CELL,21,37734,477,37733,0,2026-03-23 15:05:05.502109
BASIC,0,866,100,46312,29,BMS_TEMP,180,48,24,22,203,STRINGS,37744,21,36772,11,22016,BATTERY_TEMP,24,1,22,111,23,25,52736,HEALTH,100,0,126,30039,CELL,7,37711,477,37711,0,2026-03-23 15:05:05.643690
BASIC,0,866,100,46312,29,BMS_TEMP,180,48,24,22,203,STRINGS,37743,21,36771,11,21504,BATTERY_TEMP,24,1,22,111,23,25,52736,HEALTH,100,0,126,30039,CELL,10,36771,477,36772,0,2026-03-23 15:05:05.785224
BASIC,0,866,100,46312,29,BMS_TEMP,180,48,24,22,203,STRINGS,37744,21,36771,11,21760,BATTERY_TEMP,24,1,22,111,23,25,52736,HEALTH,100,0,126,30039,CELL,13,37730,477,37731,0,2026-03-23 15:05:05.928182
BASIC,0,866,100,46312,29,BMS_TEMP,180,48,24,22,203,STRINGS,37743,21,36771,11,21504,BATTERY_TEMP,24,1,22,111,23,25,52736,HEALTH,100,0,126,30039,CELL,0,37576,477,37575,0,2026-03-23 15:05:06.072149
BASIC,0,866,100,46312,29,BMS_TEMP,180,48,24,22,203,STRINGS,37743,21,36772,11,21760,BATTERY_TEMP,24,1,22,111,23,25,52736,HEALTH,100,0,126,30039,CELL,22,37732,477,37733,0,2026-03-23 15:05:06.333375
BASIC,0,866,100,46312,29,BMS_TEMP,180,48,24,22,203,STRINGS,37743,21,36771,11,21504,BATTERY_TEMP,24,1,22,111,23,25,52736,HEALTH,100,0,126,29782,CELL,8,37702,477,37701,0,2026-03-23 15:05:06.749491
BASIC,0,866,100,46312,29,BMS_TEMP,180,48,24,22,203,STRINGS,37744,21,36771,11,21760,BATTERY_TEMP,24,1,22,111,23,25,52736,HEALTH,100,0,126,30039,CELL,20,37744,477,37743,0,2026-03-23 15:05:06.892220
BASIC,0,866,100,46312,29,BMS_TEMP,180,48,24,22,203,STRINGS,37744,21,36772,11,22016,BATTERY_TEMP,24,1,22,111,23,25,52736,HEALTH,100,0,126,30039,CELL,0,37575,477,37576,0,2026-03-23 15:05:07.062006
BASIC,0,866,100,46312,29,BMS_TEMP,180,48,24,22,203,STRINGS,37744,21,36772,11,22016,BATTERY_TEMP,24,1,22,111,23,25,52736,HEALTH,100,0,126,30039,CELL,6,37707,477,37707,0,2026-03-23 15:05:07.372545
BASIC,0,866,100,46312,29,BMS_TEMP,180,48,24,22,203,STRINGS,37743,21,36771,11,21504,BATTERY_TEMP,24,1,22,111,23,25,52736,HEALTH,100,0,126,30039,CELL,15,37740,477,37739,0,2026-03-23 15:05:07.788601
BASIC,0,866,100,46312,29,BMS_TEMP,180,48,24,22,203,STRINGS,37743,21,36771,11,21504,BATTERY_TEMP,24,1,22,111,23,25,52736,HEALTH,100,0,126,29782,CELL,4,37682,477,37682,0,2026-03-23 15:05:07.932292
BASIC,0,866,100,46312,29,BMS_TEMP,180,48,24,22,203,STRINGS,37744,21,36772,11,22016,BATTERY_TEMP,24,1,22,111,23,25,52736,HEALTH,100,0,126,30039,CELL,7,37710,477,37710,0,2026-03-23 15:05:08.073378
BASIC,0,866,100,46312,29,BMS_TEMP,180,48,24,22,203,STRINGS,37742,21,36771,11,21248,BATTERY_TEMP,24,1,22,111,23,25,52736,HEALTH,100,0,126,29782,CELL,10,36772,477,36772,0,2026-03-23 15:05:08.308958
BASIC,0,866,100,46312,29,BMS_TEMP,180,48,24,22,203,STRINGS,37742,21,36772,11,21504,BATTERY_TEMP,24,1,22,111,23,25,52736,HEALTH,100,0,126,29782,CELL,19,37729,477,37729,0,2026-03-23 15:05:08.518839
BASIC,0,866,100,46312,29,BMS_TEMP,180,48,24,22,203,STRINGS,37742,21,36772,11,21504,BATTERY_TEMP,24,1,22,111,23,25,52736,HEALTH,100,0,126,30039,CELL,2,37666,477,37664,0,2026-03-23 15:05:08.831451
BASIC,0,866,100,46312,29,BMS_TEMP,180,48,24,22,203,STRINGS,37745,21,36772,11,22272,BATTERY_TEMP,24,1,22,111,23,25,52736,HEALTH,100,0,126,29782,CELL,11,37734,477,37734,0,2026-03-23 15:05:09.036311
BASIC,0,866,100,46312,29,BMS_TEMP,180,48,24,22,203,STRINGS,37743,21,36771,11,21504,BATTERY_TEMP,24,1,22,111,23,25,52736,HEALTH,100,0,126,30039,CELL,17,37728,477,37729,0,2026-03-23 15:05:09.178534
BASIC,0,866,100,46312,29,BMS_TEMP,180,48,24,22,203,STRINGS,37744,21,36772,11,22016,BATTERY_TEMP,24,1,22,111,23,25,52736,HEALTH,100,0,126,30039,CELL,20,37743,477,37744,0,2026-03-23 15:05:09.323194
BASIC,0,866,100,46312,29,BMS_TEMP,180,48,24,22,203,STRINGS,37744,21,36773,11,22272,BATTERY_TEMP,24,1,22,111,23,25,52736,HEALTH,100,0,126,30039,CELL,0,37577,477,37576,0,2026-03-23 15:05:09.464788
BASIC,0,866,100,46312,29,BMS_TEMP,180,48,24,22,203,STRINGS,37743,21,36772,11,21760,BATTERY_TEMP,24,1,22,111,23,25,52736,HEALTH,100,0,126,30039,CELL,6,37707,477,37707,0,2026-03-23 15:05:09.609206
BASIC,0,866,100,46312,29,BMS_TEMP,180,48,24,22,203,STRINGS,37744,21,36771,11,21760,BATTERY_TEMP,24,1,22,111,23,25,52736,HEALTH,100,0,126,30039,CELL,9,37708,477,37707,0,2026-03-23 15:05:09.764599
BASIC,0,866,100,46312,29,BMS_TEMP,180,48,24,22,203,STRINGS,37743,21,36772,11,21760,BATTERY_TEMP,24,1,22,111,23,25,52736,HEALTH,100,0,126,30039,CELL,15,37738,477,37739,0,2026-03-23 15:05:09.907596
BASIC,0,866,100,46312,29,BMS_TEMP,180,48,24,22,203,STRINGS,37743,21,36771,11,21504,BATTERY_TEMP,24,1,22,111,23,25,52736,HEALTH,100,0,126,30039,CELL,18,37719,477,37717,0,2026-03-23 15:05:10.049571
BASIC,0,866,100,46312,29,BMS_TEMP,180,48,24,22,203,STRINGS,37743,21,36771,11,21504,BATTERY_TEMP,24,1,22,111,23,25,52736,HEALTH,100,0,126,29782,CELL,21,37733,477,37733,0,2026-03-23 15:05:10.284351
BASIC,0,866,100,46312,29,BMS_TEMP,180,48,24,22,203,STRINGS,37743,21,36772,11,21760,BATTERY_TEMP,24,1,22,111,23,25,52736,HEALTH,100,0,126,29782,CELL,8,37701,477,37702,0,2026-03-23 15:05:10.598388
BASIC,0,866,100,46312,29,BMS_TEMP,180,48,24,22,203,STRINGS,37744,21,36772,11,22016,BATTERY_TEMP,24,1,22,111,23,25,52736,HEALTH,100,0,126,30039,CELL,16,37736,477,37736,0,2026-03-23 15:05:10.739848
BASIC,0,866,100,46312,29,BMS_TEMP,180,48,24,22,203,STRINGS,37744,21,36771,11,21760,BATTERY_TEMP,24,1,22,111,23,25,52736,HEALTH,100,0,126,30039,CELL,19,37729,477,37728,0,2026-03-23 15:05:11.013068
BASIC,0,866,100,46312,29,BMS_TEMP,180,48,24,22,203,STRINGS,37744,21,36772,11,22016,BATTERY_TEMP,24,1,22,111,23,25,52736,HEALTH,100,0,126,30039,CELL,5,37710,477,37710,0,2026-03-23 15:05:11.221479
BASIC,0,866,100,46312,29,BMS_TEMP,180,48,24,22,203,STRINGS,37745,21,36772,11,22272,BATTERY_TEMP,24,1,22,111,23,25,52736,HEALTH,100,0,126,30039,CELL,11,37734,477,37733,0,2026-03-23 15:05:11.427597
BASIC,0,866,100,46312,29,BMS_TEMP,180,48,24,22,203,STRINGS,37744,21,36771,11,21760,BATTERY_TEMP,24,1,22,111,23,25,52736,HEALTH,100,0,126,30039,CELL,17,37729,477,37729,0,2026-03-23 15:05:11.638259
BASIC,0,866,100,46312,29,BMS_TEMP,180,48,24,22,203,STRINGS,37743,21,36771,11,21504,BATTERY_TEMP,24,1,22,111,23,25,52736,HEALTH,100,0,126,29782,CELL,0,37577,477,37576,0,2026-03-23 15:05:12.157273
BASIC,0,866,100,46312,29,BMS_TEMP,180,48,24,22,203,STRINGS,37744,21,36772,11,22016,BATTERY_TEMP,24,1,22,111,23,25,52736,HEALTH,100,0,126,29782,CELL,15,37739,477,37739,0,2026-03-23 15:05:12.470703
BASIC,0,866,100,46312,29,BMS_TEMP,180,48,24,22,203,STRINGS,37743,21,36772,11,21760,BATTERY_TEMP,24,1,22,111,23,25,52736,HEALTH,100,0,126,30039,CELL,1,37664,477,37662,0,2026-03-23 15:05:12.884772
BASIC,0,866,100,46312,29,BMS_TEMP,180,48,24,22,203,STRINGS,37744,21,36771,11,21760,BATTERY_TEMP,24,1,22,111,23,25,52736,HEALTH,100,0,126,29782,CELL,14,37733,477,37734,0,2026-03-23 15:05:13.092655
BASIC,0,866,100,46312,29,BMS_TEMP,180,48,24,22,203,STRINGS,37744,21,36772,11,22016,BATTERY_TEMP,24,1,22,111,23,25,52736,HEALTH,100,0,126,29782,CELL,19,37729,477,37729,0,2026-03-23 15:05:13.613025
BASIC,0,866,100,46312,29,BMS_TEMP,180,48,24,22,203,STRINGS,37745,21,36772,11,22272,BATTERY_TEMP,24,1,22,111,23,25,52736,HEALTH,100,0,126,29782,CELL,11,37734,477,37733,0,2026-03-23 15:05:14.027572
BASIC,0,866,100,46312,29,BMS_TEMP,180,48,24,22,203,STRINGS,37742,21,36772,11,21504,BATTERY_TEMP,24,1,22,111,23,25,52736,HEALTH,100,0,126,30039,CELL,0,37577,477,37576,0,2026-03-23 15:05:14.171283
BASIC,0,866,100,46312,29,BMS_TEMP,180,48,24,22,203,STRINGS,37743,21,36771,11,21504,BATTERY_TEMP,24,1,22,111,23,25,52736,HEALTH,100,0,126,30039,CELL,3,37719,477,37719,0,2026-03-23 15:05:14.339675
BASIC,0,866,100,46312,29,BMS_TEMP,180,48,24,22,203,STRINGS,37743,21,36772,11,21760,BATTERY_TEMP,24,1,22,111,23,25,52736,HEALTH,100,0,126,30039,CELL,9,37706,477,37706,0,2026-03-23 15:05:14.654212
BASIC,0,866,100,46312,29,BMS_TEMP,180,48,24,22,203,STRINGS,37743,21,36772,11,21760,BATTERY_TEMP,24,1,22,111,23,25,52736,HEALTH,100,0,126,30039,CELL,18,37718,477,37718,0,2026-03-23 15:05:14.797255
BASIC,0,866,100,46312,29,BMS_TEMP,180,48,24,22,203,STRINGS,37744,21,36771,11,21760,BATTERY_TEMP,24,1,22,111,23,25,52736,HEALTH,100,0,126,29782,CELL,21,37732,477,37732,0,2026-03-23 15:05:14.938462
BASIC,0,866,100,46312,29,BMS_TEMP,180,48,24,22,203,STRINGS,37744,21,36772,11,22016,BATTERY_TEMP,24,1,22,111,23,25,52736,HEALTH,100,0,126,29782,CELL,1,37663,477,37662,0,2026-03-23 15:05:15.081317
BASIC,0,866,100,46312,29,BMS_TEMP,180,48,24,22,203,STRINGS,37744,21,36771,11,21760,BATTERY_TEMP,24,1,22,111,23,25,52736,HEALTH,100,0,126,30039,CELL,7,37710,477,37709,0,2026-03-23 15:05:15.381059
BASIC,0,866,100,46312,29,BMS_TEMP,180,48,24,22,203,STRINGS,37743,21,36772,11,21760,BATTERY_TEMP,24,1,22,111,23,25,52736,HEALTH,100,0,126,30039,CELL,16,37736,477,37735,0,2026-03-23 15:05:15.522531
BASIC,0,866,100,46312,29,BMS_TEMP,180,48,24,22,203,STRINGS,37743,21,36772,11,21760,BATTERY_TEMP,24,1,22,111,23,25,52736,HEALTH,100,0,126,30039,CELL,6,37708,477,37707,0,2026-03-23 15:05:15.692785
BASIC,0,866,100,46312,29,BMS_TEMP,180,48,24,22,203,STRINGS,37743,21,36772,11,21760,BATTERY_TEMP,24,1,22,111,23,25,52736,HEALTH,100,0,126,30039,CELL,2,37665,477,37664,0,2026-03-23 15:05:15.835339
BASIC,0,866,100,46312,29,BMS_TEMP,180,48,24,22,203,STRINGS,37744,21,36772,11,22016,BATTERY_TEMP,24,1,22,111,23,25,52736,HEALTH,100,0,126,29782,CELL,5,37711,477,37710,0,2026-03-23 15:05:15.978677
BASIC,0,866,100,46312,29,BMS_TEMP,180,48,24,22,203,STRINGS,37744,21,36772,11,22016,BATTERY_TEMP,24,1,22,111,23,25,52736,HEALTH,100,0,126,30039,CELL,8,37701,477,37701,0,2026-03-23 15:05:16.212454
BASIC,0,866,100,46312,29,BMS_TEMP,180,48,24,22,203,STRINGS,37744,21,36772,11,22016,BATTERY_TEMP,24,1,22,111,23,25,52736,HEALTH,100,0,126,30039,CELL,17,37728,477,37729,0,2026-03-23 15:05:16.421754
BASIC,0,866,100,46312,29,BMS_TEMP,180,48,24,22,203,STRINGS,37745,21,36771,11,22016,BATTERY_TEMP,24,1,22,111,23,25,52736,HEALTH,100,0,126,30039,CELL,0,37577,477,37576,0,2026-03-23 15:05:16.562340
BASIC,0,866,100,46312,29,BMS_TEMP,180,48,24,22,203,STRINGS,37745,21,36772,11,22272,BATTERY_TEMP,24,1,22,111,23,25,52736,HEALTH,100,0,126,30039,CELL,3,37719,477,37718,0,2026-03-23 15:05:16.706146
BASIC,0,866,100,46312,29,BMS_TEMP,180,48,24,22,203,STRINGS,37743,21,36772,11,21760,BATTERY_TEMP,24,1,22,111,23,25,52736,HEALTH,100,0,126,30039,CELL,6,37707,477,37707,0,2026-03-23 15:05:16.942375
BASIC,0,866,100,46312,29,BMS_TEMP,180,48,24,22,203,STRINGS,37744,21,36772,11,22016,BATTERY_TEMP,24,1,22,111,23,25,52736,HEALTH,100,0,126,30039,CELL,15,37739,477,37739,0,2026-03-23 15:05:17.148442
BASIC,0,866,100,46312,29,BMS_TEMP,180,48,24,22,203,STRINGS,37744,21,36772,11,22016,BATTERY_TEMP,24,1,22,111,23,25,52736,HEALTH,100,0,126,30039,CELL,21,37733,477,37733,0,2026-03-23 15:05:17.290366
BASIC,0,866,100,46312,29,BMS_TEMP,180,48,24,22,203,STRINGS,37743,21,36774,11,22272,BATTERY_TEMP,24,1,22,111,23,25,52736,HEALTH,100,0,126,30039,CELL,1,37662,477,37663,0,2026-03-23 15:05:17.433425
BASIC,0,866,100,46312,29,BMS_TEMP,180,48,24,22,203,STRINGS,37744,21,36771,11,21760,BATTERY_TEMP,24,1,22,111,23,25,52736,HEALTH,100,0,126,30039,CELL,4,37682,477,37682,0,2026-03-23 15:05:17.669913
BASIC,0,866,100,46312,29,BMS_TEMP,180,48,24,22,203,STRINGS,37744,21,36772,11,22016,BATTERY_TEMP,24,1,22,111,23,25,52736,HEALTH,100,0,126,30039,CELL,13,37730,477,37731,0,2026-03-23 15:05:17.979449
BASIC,0,866,100,46312,29,BMS_TEMP,180,48,24,22,203,STRINGS,37744,21,36772,11,22016,BATTERY_TEMP,24,1,22,111,23,25,52736,HEALTH,100,0,126,29782,CELL,22,37733,477,37733,0,2026-03-23 15:05:18.122850
BASIC,0,866,100,46312,29,BMS_TEMP,180,48,24,22,203,STRINGS,37743,21,36772,11,21760,BATTERY_TEMP,24,1,22,111,23,25,52736,HEALTH,100,0,126,29782,CELL,12,37729,477,37729,0,2026-03-23 15:05:18.396372
BASIC,0,866,100,46312,29,BMS_TEMP,180,48,24,22,203,STRINGS,37743,21,36772,11,21760,BATTERY_TEMP,24,1,22,111,23,25,52736,HEALTH,100,0,126,30039,CELL,11,37734,477,37733,0,2026-03-23 15:05:18.707440
BASIC,0,866,100,46312,29,BMS_TEMP,180,48,24,22,203,STRINGS,37743,21,36772,11,21760,BATTERY_TEMP,24,1,22,111,23,25,52736,HEALTH,100,0,126,30039,CELL,20,37743,477,37743,0,2026-03-23 15:05:18.850237
BASIC,0,866,100,46312,29,BMS_TEMP,180,48,24,22,203,STRINGS,37743,21,36771,11,21504,BATTERY_TEMP,24,1,22,111,23,25,52736,HEALTH,100,0,126,29782,CELL,0,37575,477,37576,0,2026-03-23 15:05:18.993441
BASIC,0,866,100,46312,29,BMS_TEMP,180,48,24,22,203,STRINGS,37745,21,36772,11,22272,BATTERY_TEMP,24,1,22,111,23,25,52736,HEALTH,100,0,126,30039,CELL,3,37719,477,37719,0,2026-03-23 15:05:19.333022
BASIC,0,866,100,46312,29,BMS_TEMP,180,48,24,22,203,STRINGS,37742,21,36773,11,21760,BATTERY_TEMP,24,1,22,111,23,25,52736,HEALTH,100,0,126,30039,CELL,15,37740,477,37739,0,2026-03-23 15:05:19.475453
BASIC,0,866,100,46312,29,BMS_TEMP,180,48,24,22,203,STRINGS,37744,21,36772,11,22016,BATTERY_TEMP,24,1,22,111,23,25,52736,HEALTH,100,0,126,30039,CELL,5,37711,477,37710,0,2026-03-23 15:05:19.956220
BASIC,0,866,100,46312,29,BMS_TEMP,180,48,24,22,203,STRINGS,37744,21,36772,11,22016,BATTERY_TEMP,24,1,22,111,23,25,52736,HEALTH,100,0,126,30039,CELL,10,36772,477,36772,0,2026-03-23 15:05:20.165706
BASIC,0,866,100,46312,29,BMS_TEMP,180,48,24,22,203,STRINGS,37744,21,36772,11,22016,BATTERY_TEMP,24,1,22,111,23,25,52736,HEALTH,100,0,126,29782,CELL,16,37736,477,37736,0,2026-03-23 15:05:20.307255
BASIC,0,866,100,46312,29,BMS_TEMP,180,48,24,22,203,STRINGS,37743,21,36771,11,21504,BATTERY_TEMP,24,1,22,111,23,25,52736,HEALTH,100,0,126,30039,CELL,19,37727,477,37727,0,2026-03-23 15:05:20.895023
BASIC,0,866,100,46312,29,BMS_TEMP,180,48,24,22,203,STRINGS,37743,21,36771,11,21504,BATTERY_TEMP,24,1,22,111,23,25,52736,HEALTH,100,0,126,30039,CELL,14,37736,477,37735,0,2026-03-23 15:05:21.414830
BASIC,0,866,100,46312,29,BMS_TEMP,180,48,24,22,203,STRINGS,37744,21,36772,11,22016,BATTERY_TEMP,24,1,22,111,23,25,52736,HEALTH,100,0,126,30039,CELL,6,37707,477,37707,0,2026-03-23 15:05:21.620552
BASIC,0,866,100,46312,29,BMS_TEMP,180,48,24,22,203,STRINGS,37743,21,36772,11,21760,BATTERY_TEMP,24,1,22,111,23,25,52736,HEALTH,100,0,126,29782,CELL,12,37728,477,37728,0,2026-03-23 15:05:21.831416
BASIC,0,866,100,46312,29,BMS_TEMP,180,48,24,22,203,STRINGS,37743,21,36772,11,21760,BATTERY_TEMP,24,1,22,111,23,25,52736,HEALTH,100,0,126,30039,CELL,18,37718,477,37719,0,2026-03-23 15:05:22.245500
BASIC,0,866,100,46312,29,BMS_TEMP,180,48,24,22,203,STRINGS,37743,21,36771,11,21504,BATTERY_TEMP,24,1,22,111,23,25,52736,HEALTH,100,0,126,30039,CELL,7,37710,477,37710,0,2026-03-23 15:05:22.387726
BASIC,0,866,100,46312,29,BMS_TEMP,180,48,24,22,203,STRINGS,37742,21,36773,11,21760,BATTERY_TEMP,24,1,22,111,23,25,52736,HEALTH,100,0,126,29782,CELL,10,36772,477,36771,0,2026-03-23 15:05:22.529478
BASIC,0,866,100,46312,29,BMS_TEMP,180,48,24,22,203,STRINGS,37745,21,36772,11,22272,BATTERY_TEMP,24,1,22,111,23,25,52736,HEALTH,100,0,126,30039,CELL,13,37731,477,37731,0,2026-03-23 15:05:22.766155
BASIC,0,866,100,46312,29,BMS_TEMP,180,48,24,22,203,STRINGS,37744,21,36772,11,22016,BATTERY_TEMP,24,1,22,111,23,25,52736,HEALTH,100,0,126,30039,CELL,22,37735,477,37734,0,2026-03-23 15:05:22.906364
BASIC,0,866,100,46312,29,BMS_TEMP,180,48,24,22,203,STRINGS,37744,21,36772,11,22016,BATTERY_TEMP,24,1,22,111,23,25,52736,HEALTH,100,0,126,30039,CELL,2,37664,477,37664,0,2026-03-23 15:05:23.076403
BASIC,0,866,100,46312,29,BMS_TEMP,180,48,24,22,203,STRINGS,37743,21,36772,11,21760,BATTERY_TEMP,24,1,22,111,23,25,52736,HEALTH,100,0,126,30039,CELL,8,37702,477,37701,0,2026-03-23 15:05:23.284435
BASIC,0,866,100,46312,29,BMS_TEMP,180,48,24,22,203,STRINGS,37743,21,36771,11,21504,BATTERY_TEMP,24,1,22,111,23,25,52736,HEALTH,100,0,126,29782,CELL,15,37739,477,37739,0,2026-03-23 15:05:23.806170
BASIC,0,866,100,46312,29,BMS_TEMP,180,48,24,22,203,STRINGS,37743,21,36773,11,22016,BATTERY_TEMP,24,1,22,111,23,25,52736,HEALTH,100,0,126,30039,CELL,6,37707,477,37707,0,2026-03-23 15:05:24.533517
BASIC,0,866,100,46312,29,BMS_TEMP,180,48,24,22,203,STRINGS,37743,21,36772,11,21760,BATTERY_TEMP,24,1,22,111,23,25,52736,HEALTH,100,0,126,30039,CELL,4,37681,477,37681,0,2026-03-23 15:05:24.846301
BASIC,0,866,100,46312,29,BMS_TEMP,180,48,24,22,203,STRINGS,37743,21,36772,11,21760,BATTERY_TEMP,24,1,22,111,23,25,52736,HEALTH,100,0,126,29782,CELL,13,37729,477,37730,0,2026-03-23 15:05:24.986245
BASIC,0,866,100,46312,29,BMS_TEMP,180,48,24,22,203,STRINGS,37743,21,36772,11,21760,BATTERY_TEMP,24,1,22,111,23,25,52736,HEALTH,100,0,126,30039,CELL,16,37736,477,37735,0,2026-03-23 15:05:25.156436
BASIC,0,866,100,46312,29,BMS_TEMP,180,48,24,22,203,STRINGS,37744,21,36771,11,21760,BATTERY_TEMP,24,1,22,111,23,25,52736,HEALTH,100,0,126,29782,CELL,22,37733,477,37733,0,2026-03-23 15:05:25.298128
BASIC,0,866,100,46312,29,BMS_TEMP,180,48,24,22,203,STRINGS,37744,21,36772,11,22016,BATTERY_TEMP,24,1,22,111,23,25,52736,HEALTH,100,0,126,29782,CELL,2,37665,477,37664,0,2026-03-23 15:05:25.468612
BASIC,0,866,100,46312,29,BMS_TEMP,180,48,24,22,203,STRINGS,37743,21,36772,11,21760,BATTERY_TEMP,24,1,22,111,23,25,52736,HEALTH,100,0,126,29782,CELL,8,37702,477,37701,0,2026-03-23 15:05:25.612279
BASIC,0,866,100,46312,29,BMS_TEMP,180,48,24,22,203,STRINGS,37744,21,36771,11,21760,BATTERY_TEMP,24,1,22,111,23,25,52736,HEALTH,100,0,126,29782,CELL,11,37734,477,37733,0,2026-03-23 15:05:25.886399
BASIC,0,866,100,46312,29,BMS_TEMP,180,48,24,22,203,STRINGS,37743,21,36772,11,21760,BATTERY_TEMP,24,1,22,111,23,25,52736,HEALTH,100,0,126,30039,CELL,21,37733,477,37733,0,2026-03-23 15:05:26.026720
BASIC,0,866,100,46312,29,BMS_TEMP,180,48,24,22,203,STRINGS,37743,21,36772,11,21760,BATTERY_TEMP,24,1,22,111,23,25,52736,HEALTH,100,0,126,30039,CELL,0,37577,477,37576,0,2026-03-23 15:05:26.404627
BASIC,0,866,100,46312,29,BMS_TEMP,180,48,24,22,203,STRINGS,37743,21,36772,11,21760,BATTERY_TEMP,24,1,22,111,23,25,52736,HEALTH,100,0,126,29782,CELL,12,37728,477,37728,0,2026-03-23 15:05:26.546304
BASIC,0,866,100,46312,29,BMS_TEMP,180,48,24,22,203,STRINGS,37743,21,36771,11,21504,BATTERY_TEMP,24,1,22,111,23,25,52736,HEALTH,100,0,126,30039,CELL,15,37740,477,37739,0,2026-03-23 15:05:26.689489
BASIC,0,866,100,46312,29,BMS_TEMP,180,48,24,22,203,STRINGS,37743,21,36772,11,21760,BATTERY_TEMP,24,1,22,111,23,25,52736,HEALTH,100,0,126,29782,CELL,18,37718,477,37718,0,2026-03-23 15:05:26.834816
BASIC,0,866,100,46312,29,BMS_TEMP,180,48,24,22,203,STRINGS,37744,21,36772,11,22016,BATTERY_TEMP,24,1,22,111,23,25,52736,HEALTH,100,0,126,30039,CELL,21,37732,477,37733,0,2026-03-23 15:05:27.444696
BASIC,0,866,100,46312,29,BMS_TEMP,180,48,24,22,203,STRINGS,37745,21,36772,11,22272,BATTERY_TEMP,24,1,22,111,23,25,52736,HEALTH,100,0,126,30039,CELL,19,37729,477,37727,0,2026-03-23 15:05:28.068306
BASIC,0,866,100,46312,29,BMS_TEMP,180,48,24,22,203,STRINGS,37743,21,36772,11,21760,BATTERY_TEMP,24,1,22,111,23,25,52736,HEALTH,100,0,126,29782,CELL,14,37735,477,37734,0,2026-03-23 15:05:28.210291
BASIC,0,866,100,46312,29,BMS_TEMP,180,48,24,22,203,STRINGS,37744,21,36772,11,22016,BATTERY_TEMP,24,1,22,111,23,25,52736,HEALTH,100,0,126,29782,CELL,17,37730,477,37728,0,2026-03-23 15:05:28.485243
BASIC,0,866,100,46312,29,BMS_TEMP,180,48,24,22,203,STRINGS,37743,21,36772,11,21760,BATTERY_TEMP,24,1,22,111,23,25,52736,HEALTH,100,0,126,30039,CELL,4,37681,477,37681,0,2026-03-23 15:05:28.902811
BASIC,0,866,100,46312,29,BMS_TEMP,180,48,24,22,203,STRINGS,37742,21,36771,11,21248,BATTERY_TEMP,24,1,22,111,23,25,52736,HEALTH,100,0,126,29782,CELL,15,37740,477,37739,0,2026-03-23 15:05:29.420449
BASIC,0,866,100,46312,29,BMS_TEMP,180,48,24,22,203,STRINGS,37744,21,36772,11,22016,BATTERY_TEMP,24,1,22,111,23,25,52736,HEALTH,100,0,126,29782,CELL,7,37710,477,37710,0,2026-03-23 15:05:29.628888
BASIC,0,866,100,46312,29,BMS_TEMP,180,48,24,22,203,STRINGS,37743,21,36771,11,21504,BATTERY_TEMP,24,1,22,111,23,25,52736,HEALTH,100,0,126,29782,CELL,13,37731,477,37731,0,2026-03-23 15:05:30.149813
BASIC,0,866,100,46312,29,BMS_TEMP,180,48,24,22,203,STRINGS,37743,21,36772,11,21760,BATTERY_TEMP,24,1,22,111,23,25,52736,HEALTH,100,0,126,30039,CELL,5,37711,477,37711,0,2026-03-23 15:05:30.358883
BASIC,0,866,100,46312,29,BMS_TEMP,180,48,24,22,203,STRINGS,37744,21,36772,11,22016,BATTERY_TEMP,24,1,22,111,23,25,52736,HEALTH,100,0,126,30039,CELL,11,37733,477,37734,0,2026-03-23 15:05:30.876873
BASIC,0,866,100,46312,29,BMS_TEMP,180,48,24,22,203,STRINGS,37743,21,36772,11,21760,BATTERY_TEMP,24,1,22,111,23,25,52736,HEALTH,100,0,126,30039,CELL,3,37719,477,37718,0,2026-03-23 15:05:31.084549
BASIC,0,866,100,46312,29,BMS_TEMP,180,48,24,22,203,STRINGS,37745,21,36772,11,22272,BATTERY_TEMP,24,1,22,111,23,25,52736,HEALTH,100,0,126,30039,CELL,10,36772,477,36772,0,2026-03-23 15:05:31.229603
BASIC,0,866,100,46312,29,BMS_TEMP,180,48,24,22,203,STRINGS,37743,21,36773,11,22016,BATTERY_TEMP,24,1,22,111,23,25,52736,HEALTH,100,0,126,30039,CELL,12,37728,477,37728,0,2026-03-23 15:05:31.812369
BASIC,0,866,100,46312,29,BMS_TEMP,180,48,24,22,203,STRINGS,37743,21,36772,11,21760,BATTERY_TEMP,24,1,22,111,23,25,52736,HEALTH,100,0,126,30039,CELL,7,37711,477,37711,0,2026-03-23 15:05:31.955981
BASIC,0,866,100,46312,29,BMS_TEMP,180,48,24,22,203,STRINGS,37743,21,36772,11,21760,BATTERY_TEMP,24,1,22,111,23,25,52736,HEALTH,100,0,126,30039,CELL,10,36772,477,36772,0,2026-03-23 15:05:32.097830
BASIC,0,866,100,46312,29,BMS_TEMP,180,48,24,22,203,STRINGS,37744,21,36772,11,22016,BATTERY_TEMP,24,1,22,111,23,25,52736,HEALTH,100,0,126,30039,CELL,13,37732,477,37731,0,2026-03-23 15:05:32.242148
BASIC,0,866,100,46312,29,BMS_TEMP,180,48,24,22,203,STRINGS,37745,21,36772,11,22272,BATTERY_TEMP,24,1,22,111,23,25,52736,HEALTH,100,0,126,30039,CELL,0,37576,477,37575,0,2026-03-23 15:05:32.436405
BASIC,0,866,100,46312,29,BMS_TEMP,180,48,24,22,203,STRINGS,37743,21,36773,11,22016,BATTERY_TEMP,24,1,22,111,23,25,52736,HEALTH,100,0,126,29782,CELL,2,37663,477,37663,0,2026-03-23 15:05:32.579665
BASIC,0,866,100,46312,29,BMS_TEMP,180,48,24,22,203,STRINGS,37743,21,36773,11,22016,BATTERY_TEMP,24,1,22,111,23,25,52736,HEALTH,100,0,126,30039,CELL,15,37739,477,37739,0,2026-03-23 15:05:32.749335
BASIC,0,866,100,46312,29,BMS_TEMP,180,48,24,22,203,STRINGS,37744,21,36772,11,22016,BATTERY_TEMP,24,1,22,111,23,25,52736,HEALTH,100,0,126,30039,CELL,11,37732,477,37734,0,2026-03-23 15:05:33.060435
BASIC,0,866,100,46312,29,BMS_TEMP,180,48,24,22,203,STRINGS,37743,21,36771,11,21504,BATTERY_TEMP,24,1,22,111,23,25,52736,HEALTH,100,0,126,30039,CELL,20,37743,477,37743,0,2026-03-23 15:05:33.268455
BASIC,0,866,100,46312,29,BMS_TEMP,180,48,24,22,203,STRINGS,37743,21,36772,11,21760,BATTERY_TEMP,24,1,22,111,23,25,52736,HEALTH,100,0,126,30039,CELL,3,37719,477,37719,0,2026-03-23 15:05:33.410152
BASIC,0,866,100,46312,29,BMS_TEMP,180,48,24,22,203,STRINGS,37742,21,36772,11,21504,BATTERY_TEMP,24,1,22,111,23,25,52736,HEALTH,100,0,126,30039,CELL,6,37707,477,37707,0,2026-03-23 15:05:33.893259
BASIC,0,866,100,46312,29,BMS_TEMP,180,48,24,22,203,STRINGS,37744,21,36772,11,22016,BATTERY_TEMP,24,1,22,111,23,25,52736,HEALTH,100,0,126,29782,CELL,21,37733,477,37733,0,2026-03-23 15:05:34.034175
BASIC,0,866,100,46312,29,BMS_TEMP,180,48,24,22,203,STRINGS,37743,21,36771,11,21504,BATTERY_TEMP,24,1,22,111,23,25,52736,HEALTH,100,0,126,29782,CELL,1,37663,477,37662,0,2026-03-23 15:05:34.177523
BASIC,0,866,100,46312,29,BMS_TEMP,180,48,24,22,203,STRINGS,37744,21,36772,11,22016,BATTERY_TEMP,24,1,22,111,23,25,52736,HEALTH,100,0,126,30039,CELL,4,37682,477,37681,0,2026-03-23 15:05:34.726503
BASIC,0,866,100,46312,29,BMS_TEMP,180,48,24,22,203,STRINGS,37742,21,36773,11,21760,BATTERY_TEMP,24,1,22,111,23,25,52736,HEALTH,100,0,126,29782,CELL,22,37734,477,37734,0,2026-03-23 15:05:34.866840
BASIC,0,866,100,46312,29,BMS_TEMP,180,48,24,22,203,STRINGS,37742,21,36772,11,21504,BATTERY_TEMP,24,1,22,111,23,25,52736,HEALTH,100,0,126,29782,CELL,2,37664,477,37664,0,2026-03-23 15:05:35.008989
BASIC,0,866,100,46312,29,BMS_TEMP,180,48,24,22,203,STRINGS,37744,21,36772,11,22016,BATTERY_TEMP,24,1,22,111,23,25,52736,HEALTH,100,0,126,29782,CELL,5,37710,477,37711,0,2026-03-23 15:05:35.452327
BASIC,0,866,100,46312,29,BMS_TEMP,180,48,24,22,203,STRINGS,37743,21,36770,11,21248,BATTERY_TEMP,24,1,22,111,23,25,52736,HEALTH,100,0,126,29782,CELL,20,37743,477,37743,0,2026-03-23 15:05:35.868444
BASIC,0,866,100,46312,29,BMS_TEMP,180,48,24,22,203,STRINGS,37743,21,36772,11,21760,BATTERY_TEMP,24,1,22,111,23,25,52736,HEALTH,100,0,126,30039,CELL,9,37707,477,37707,0,2026-03-23 15:05:36.180505
BASIC,0,866,100,46312,29,BMS_TEMP,180,48,24,22,203,STRINGS,37743,21,36771,11,21504,BATTERY_TEMP,24,1,22,111,23,25,52736,HEALTH,100,0,126,29782,CELL,18,37719,477,37718,0,2026-03-23 15:05:36.322469
BASIC,0,866,100,46312,29,BMS_TEMP,180,48,24,22,203,STRINGS,37744,21,36771,11,21760,BATTERY_TEMP,24,1,22,111,23,25,52736,HEALTH,100,0,126,30039,CELL,8,37702,477,37701,0,2026-03-23 15:05:36.465411
BASIC,0,866,100,46312,29,BMS_TEMP,180,48,24,22,203,STRINGS,37743,21,36770,11,21248,BATTERY_TEMP,24,1,22,111,23,25,52736,HEALTH,100,0,126,30039,CELL,1,37663,477,37663,0,2026-03-23 15:05:36.608624
BASIC,0,866,100,46312,29,BMS_TEMP,180,48,24,22,203,STRINGS,37745,21,36773,11,22528,BATTERY_TEMP,24,1,22,111,23,25,52736,HEALTH,100,0,126,30039,CELL,7,37711,477,37711,0,2026-03-23 15:05:36.910167
BASIC,0,866,100,46312,29,BMS_TEMP,180,48,24,22,203,STRINGS,37743,21,36773,11,22016,BATTERY_TEMP,24,1,22,111,23,25,52736,HEALTH,100,0,126,29782,CELL,3,37718,477,37718,0,2026-03-23 15:05:37.637986
BASIC,0,866,100,46312,29,BMS_TEMP,180,48,24,22,203,STRINGS,37743,21,36772,11,21760,BATTERY_TEMP,24,1,22,111,23,25,52736,HEALTH,100,0,126,29782,CELL,14,37734,477,37734,0,2026-03-23 15:05:37.779555
BASIC,0,866,100,46312,29,BMS_TEMP,180,48,24,22,203,STRINGS,37745,21,36771,11,22016,BATTERY_TEMP,24,1,22,111,23,25,52736,HEALTH,100,0,126,29782,CELL,17,37729,477,37728,0,2026-03-23 15:05:38.052816
BASIC,0,866,100,46312,29,BMS_TEMP,180,48,24,22,203,STRINGS,37743,21,36771,11,21504,BATTERY_TEMP,24,1,22,111,23,25,52736,HEALTH,100,0,126,30039,CELL,3,37719,477,37719,0,2026-03-23 15:05:38.364655
BASIC,0,866,100,46312,29,BMS_TEMP,180,48,24,22,203,STRINGS,37742,21,36772,11,21504,BATTERY_TEMP,24,1,22,111,23,25,52736,HEALTH,100,0,126,29782,CELL,12,37729,477,37728,0,2026-03-23 15:05:38.991083
BASIC,0,866,100,46312,29,BMS_TEMP,180,48,24,22,203,STRINGS,37744,21,36771,11,21760,BATTERY_TEMP,24,1,22,111,23,25,52736,HEALTH,100,0,126,30039,CELL,7,37711,477,37710,0,2026-03-23 15:05:39.130390
BASIC,0,866,100,46312,29,BMS_TEMP,180,48,24,22,203,STRINGS,37743,21,36771,11,21504,BATTERY_TEMP,24,1,22,111,23,25,52736,HEALTH,100,0,126,30039,CELL,8,37702,477,37702,0,2026-03-23 15:05:40.132705
BASIC,0,866,100,46312,29,BMS_TEMP,180,48,24,22,203,STRINGS,37743,21,36772,11,21760,BATTERY_TEMP,24,1,22,111,23,25,52736,HEALTH,100,0,126,30039,CELL,17,37729,477,37729,0,2026-03-23 15:05:40.548245
BASIC,0,866,100,46312,29,BMS_TEMP,180,48,24,22,203,STRINGS,37743,21,36772,11,21760,BATTERY_TEMP,24,1,22,111,23,25,52736,HEALTH,100,0,126,30039,CELL,6,37707,477,37707,0,2026-03-23 15:05:40.862578
BASIC,0,866,100,46312,29,BMS_TEMP,180,48,24,22,203,STRINGS,37744,21,36770,11,21504,BATTERY_TEMP,24,1,22,111,23,25,52736,HEALTH,100,0,126,30039,CELL,21,37733,477,37732,0,2026-03-23 15:05:41.276997
BASIC,0,866,100,46312,29,BMS_TEMP,180,48,24,22,203,STRINGS,37743,21,36772,11,21760,BATTERY_TEMP,24,1,22,111,23,25,52736,HEALTH,100,0,126,29782,CELL,4,37683,477,37681,0,2026-03-23 15:05:41.419935
BASIC,0,866,100,46312,29,BMS_TEMP,180,48,24,22,203,STRINGS,37744,21,36772,11,22016,BATTERY_TEMP,24,1,22,111,23,25,52736,HEALTH,100,0,126,30039,CELL,7,37711,477,37710,0,2026-03-23 15:05:41.589202
BASIC,0,866,100,46312,29,BMS_TEMP,180,48,24,22,203,STRINGS,37744,21,36772,11,22016,BATTERY_TEMP,24,1,22,111,23,25,52736,HEALTH,100,0,126,29782,CELL,13,37731,477,37730,0,2026-03-23 15:05:41.731499
BASIC,0,866,100,46312,29,BMS_TEMP,180,48,24,22,203,STRINGS,37742,21,36771,11,21248,BATTERY_TEMP,24,1,22,111,23,25,52736,HEALTH,100,0,126,30039,CELL,16,37736,477,37735,0,2026-03-23 15:05:41.901224
BASIC,0,866,100,46312,29,BMS_TEMP,180,48,24,22,203,STRINGS,37743,21,36771,11,21504,BATTERY_TEMP,24,1,22,111,23,25,52736,HEALTH,100,0,126,29782,CELL,22,37734,477,37733,0,2026-03-23 15:05:42.042446
BASIC,0,866,100,46312,29,BMS_TEMP,180,48,24,22,203,STRINGS,37746,21,36772,11,22528,BATTERY_TEMP,24,1,22,111,23,25,52736,HEALTH,100,0,126,30039,CELL,12,37729,477,37728,0,2026-03-23 15:05:42.318813
BASIC,0,866,100,46312,29,BMS_TEMP,180,48,24,22,203,STRINGS,37744,21,36771,11,21760,BATTERY_TEMP,24,1,22,111,23,25,52736,HEALTH,100,0,126,30039,CELL,11,37734,477,37733,0,2026-03-23 15:05:42.525674
BASIC,0,866,100,46312,29,BMS_TEMP,180,48,24,22,203,STRINGS,37744,21,36770,11,21504,BATTERY_TEMP,24,1,22,111,23,25,52736,HEALTH,100,0,126,30039,CELL,17,37729,477,37729,0,2026-03-23 15:05:42.666540
BASIC,0,866,100,46312,29,BMS_TEMP,180,48,24,22,203,STRINGS,37745,21,36772,11,22272,BATTERY_TEMP,24,1,22,111,23,25,52736,HEALTH,100,0,126,30039,CELL,20,37743,477,37743,0,2026-03-23 15:05:42.811725
BASIC,0,866,100,46312,29,BMS_TEMP,180,48,24,22,203,STRINGS,37744,21,36772,11,22016,BATTERY_TEMP,24,1,22,111,23,25,52736,HEALTH,100,0,126,29782,CELL,0,37577,477,37576,0,2026-03-23 15:05:43.255154
BASIC,0,866,100,46312,29,BMS_TEMP,180,48,24,22,203,STRINGS,37743,21,36773,11,22016,BATTERY_TEMP,24,1,22,111,23,25,52736,HEALTH,100,0,126,30039,CELL,15,37739,477,37738,0,2026-03-23 15:05:43.462508
BASIC,0,866,100,46312,29,BMS_TEMP,180,48,24,22,203,STRINGS,37743,21,36772,11,21760,BATTERY_TEMP,24,1,22,111,23,25,52736,HEALTH,100,0,126,29782,CELL,21,37733,477,37733,0,2026-03-23 15:05:43.603421
BASIC,0,866,100,46312,29,BMS_TEMP,180,48,24,22,203,STRINGS,37743,21,36773,11,22016,BATTERY_TEMP,24,1,22,111,23,25,52736,HEALTH,100,0,126,29782,CELL,1,37663,477,37662,0,2026-03-23 15:05:43.878065
BASIC,0,866,100,46312,29,BMS_TEMP,180,48,24,22,203,STRINGS,37743,21,36772,11,21760,BATTERY_TEMP,24,1,22,111,23,25,52736,HEALTH,100,0,126,30039,CELL,10,36772,477,36771,0,2026-03-23 15:05:44.190591
BASIC,0,866,100,46312,29,BMS_TEMP,180,48,24,22,203,STRINGS,37742,21,36772,11,21504,BATTERY_TEMP,24,1,22,111,23,25,52736,HEALTH,100,0,126,30039,CELL,19,37727,477,37727,0,2026-03-23 15:05:44.501725
BASIC,0,866,100,46312,29,BMS_TEMP,180,48,24,22,203,STRINGS,37744,21,36771,11,21760,BATTERY_TEMP,24,1,22,111,23,25,52736,HEALTH,100,0,126,29782,CELL,5,37710,477,37711,0,2026-03-23 15:05:44.709418
BASIC,0,866,100,46312,29,BMS_TEMP,180,48,24,22,203,STRINGS,37745,21,36771,11,22016,BATTERY_TEMP,24,1,22,111,23,25,52736,HEALTH,100,0,126,30039,CELL,11,37734,477,37733,0,2026-03-23 15:05:44.850377
BASIC,0,866,100,46312,29,BMS_TEMP,180,48,24,22,203,STRINGS,37743,21,36772,11,21760,BATTERY_TEMP,24,1,22,111,23,25,52736,HEALTH,100,0,126,30039,CELL,14,37734,477,37733,0,2026-03-23 15:05:44.993209
BASIC,0,866,100,46312,29,BMS_TEMP,180,48,24,22,203,STRINGS,37744,21,36770,11,21504,BATTERY_TEMP,24,1,22,111,23,26,52992,HEALTH,100,0,126,30039,CELL,14,37734,477,37733,0,2026-03-23 15:05:45.136272
BASIC,0,866,100,46312,29,BMS_TEMP,180,48,24,22,203,STRINGS,37743,21,36771,11,21504,BATTERY_TEMP,24,1,22,111,23,26,52992,HEALTH,100,0,126,29782,CELL,4,37683,477,37681,0,2026-03-23 15:05:45.333187
BASIC,0,866,100,46312,29,BMS_TEMP,180,48,24,22,203,STRINGS,37742,21,36772,11,21504,BATTERY_TEMP,24,1,22,111,23,26,52992,HEALTH,100,0,126,30039,CELL,6,37707,477,37707,0,2026-03-23 15:05:45.644694
BASIC,0,866,100,46312,29,BMS_TEMP,180,48,24,22,203,STRINGS,37743,21,36773,11,22016,BATTERY_TEMP,24,1,22,111,23,26,52992,HEALTH,100,0,126,29782,CELL,15,37739,477,37739,0,2026-03-23 15:05:45.958789
BASIC,0,866,100,46312,29,BMS_TEMP,180,48,24,22,203,STRINGS,37743,21,36772,11,21760,BATTERY_TEMP,24,1,22,111,23,26,52992,HEALTH,100,0,126,30039,CELL,1,37663,477,37663,0,2026-03-23 15:05:46.269784
BASIC,0,866,100,46312,29,BMS_TEMP,180,48,24,22,203,STRINGS,37744,21,36772,11,22016,BATTERY_TEMP,24,1,22,111,23,26,52992,HEALTH,100,0,126,30039,CELL,10,36772,477,36771,0,2026-03-23 15:05:46.411342
BASIC,0,866,100,46312,29,BMS_TEMP,180,48,24,22,203,STRINGS,37743,21,36771,11,21504,BATTERY_TEMP,24,1,22,111,23,26,52992,HEALTH,100,0,126,29782,CELL,13,37732,477,37731,0,2026-03-23 15:05:46.581223
BASIC,0,866,100,46312,29,BMS_TEMP,180,48,24,22,203,STRINGS,37743,21,36772,11,21760,BATTERY_TEMP,24,1,22,111,23,26,52992,HEALTH,100,0,126,30039,CELL,19,37728,477,37728,0,2026-03-23 15:05:46.894617
BASIC,0,866,100,46312,29,BMS_TEMP,180,48,24,22,203,STRINGS,37743,21,36772,11,21760,BATTERY_TEMP,24,1,22,111,23,25,52736,HEALTH,100,0,126,30039,CELL,5,37710,477,37710,0,2026-03-23 15:05:47.100425
BASIC,0,866,100,46312,29,BMS_TEMP,180,48,24,22,203,STRINGS,37744,21,36772,11,22016,BATTERY_TEMP,24,1,22,111,23,25,52736,HEALTH,100,0,126,30039,CELL,11,37733,477,37733,0,2026-03-23 15:05:47.242648
BASIC,0,866,100,46312,29,BMS_TEMP,180,48,24,22,203,STRINGS,37744,21,36773,11,22272,BATTERY_TEMP,24,1,22,111,23,25,52736,HEALTH,100,0,126,30039,CELL,14,37736,477,37734,0,2026-03-23 15:05:48.349087
BASIC,0,866,100,46312,29,BMS_TEMP,180,48,24,22,203,STRINGS,37742,21,36772,11,21504,BATTERY_TEMP,24,1,22,111,23,25,52736,HEALTH,100,0,126,29782,CELL,1,37664,477,37663,0,2026-03-23 15:05:48.556764
BASIC,0,866,100,46312,29,BMS_TEMP,180,48,24,22,203,STRINGS,37744,21,36772,11,22016,BATTERY_TEMP,24,1,22,111,23,25,52736,HEALTH,100,0,126,30039,CELL,7,37710,477,37711,0,2026-03-23 15:05:48.868341
BASIC,0,866,100,46312,29,BMS_TEMP,180,48,24,22,203,STRINGS,37744,21,36772,11,22016,BATTERY_TEMP,24,1,22,111,23,25,52736,HEALTH,100,0,126,30039,CELL,16,37737,477,37736,0,2026-03-23 15:05:49.076313
BASIC,0,866,100,46312,29,BMS_TEMP,180,48,24,22,203,STRINGS,37742,21,36772,11,21504,BATTERY_TEMP,24,1,22,111,23,25,52736,HEALTH,100,0,126,30039,CELL,22,37734,477,37734,0,2026-03-23 15:05:49.285401
BASIC,0,866,100,46312,29,BMS_TEMP,180,48,24,22,203,STRINGS,37743,21,36772,11,21760,BATTERY_TEMP,24,1,22,111,23,25,52736,HEALTH,100,0,126,30039,CELL,6,37708,477,37707,0,2026-03-23 15:05:50.012227
BASIC,0,866,100,46312,29,BMS_TEMP,180,48,24,22,203,STRINGS,37743,21,36772,11,21760,BATTERY_TEMP,24,1,22,111,23,25,52736,HEALTH,100,0,126,29782,CELL,3,37719,477,37718,0,2026-03-23 15:05:50.325602
BASIC,0,866,100,46312,29,BMS_TEMP,180,48,24,22,203,STRINGS,37744,21,36772,11,22016,BATTERY_TEMP,24,1,22,111,23,25,52736,HEALTH,100,0,126,30039,CELL,12,37728,477,37728,0,2026-03-23 15:05:50.741205
BASIC,0,866,100,46312,29,BMS_TEMP,180,48,24,22,203,STRINGS,37743,21,36772,11,21760,BATTERY_TEMP,24,1,22,111,23,25,52736,HEALTH,100,0,126,30039,CELL,1,37662,477,37662,0,2026-03-23 15:05:51.366596
BASIC,0,866,100,46312,29,BMS_TEMP,180,48,24,22,203,STRINGS,37743,21,36772,11,21760,BATTERY_TEMP,24,1,22,111,23,25,52736,HEALTH,100,0,126,29782,CELL,19,37728,477,37728,0,2026-03-23 15:05:51.508809
BASIC,0,866,100,46312,29,BMS_TEMP,180,48,24,22,203,STRINGS,37743,21,36771,11,21504,BATTERY_TEMP,24,1,22,111,23,25,52736,HEALTH,100,0,126,30039,CELL,22,37735,477,37734,0,2026-03-23 15:05:51.780476
BASIC,0,866,100,46312,29,BMS_TEMP,180,48,24,22,203,STRINGS,37744,21,36772,11,22016,BATTERY_TEMP,24,1,22,111,23,25,52736,HEALTH,100,0,126,30039,CELL,8,37702,477,37701,0,2026-03-23 15:05:51.922967
BASIC,0,866,100,46312,29,BMS_TEMP,180,48,24,22,203,STRINGS,37744,21,36772,11,22016,BATTERY_TEMP,24,1,22,111,23,25,52736,HEALTH,100,0,126,30039,CELL,8,37701,477,37702,0,2026-03-23 15:05:52.093372
BASIC,0,866,100,46312,29,BMS_TEMP,180,48,24,22,203,STRINGS,37744,21,36772,11,22016,BATTERY_TEMP,24,1,22,111,23,25,52736,HEALTH,100,0,126,29782,CELL,17,37729,477,37728,0,2026-03-23 15:05:52.236505
BASIC,0,866,100,46312,29,BMS_TEMP,180,48,24,22,203,STRINGS,37744,21,36772,11,22016,BATTERY_TEMP,24,1,22,111,23,25,52736,HEALTH,100,0,126,30039,CELL,7,37711,477,37711,0,2026-03-23 15:05:52.377413
BASIC,0,866,100,46312,29,BMS_TEMP,180,48,24,22,203,STRINGS,37745,21,36772,11,22272,BATTERY_TEMP,24,1,22,111,23,25,52736,HEALTH,100,0,126,29782,CELL,0,37577,477,37577,0,2026-03-23 15:05:52.520294
BASIC,0,866,100,46312,29,BMS_TEMP,180,48,24,22,203,STRINGS,37743,21,36772,11,21760,BATTERY_TEMP,24,1,22,111,23,25,52736,HEALTH,100,0,126,30039,CELL,10,36771,477,36771,0,2026-03-23 15:05:52.924262
BASIC,0,866,100,46312,29,BMS_TEMP,180,48,24,22,203,STRINGS,37742,21,36772,11,21504,BATTERY_TEMP,24,1,22,111,23,25,52736,HEALTH,100,0,126,30039,CELL,18,37720,477,37718,0,2026-03-23 15:05:53.134388
BASIC,0,866,100,46312,29,BMS_TEMP,180,48,24,22,203,STRINGS,37743,21,36772,11,21760,BATTERY_TEMP,24,1,22,111,23,25,52736,HEALTH,100,0,126,29782,CELL,1,37663,477,37662,0,2026-03-23 15:05:53.548886
BASIC,0,866,100,46312,29,BMS_TEMP,180,48,24,22,203,STRINGS,37741,21,36772,11,21248,BATTERY_TEMP,24,1,22,111,23,25,52736,HEALTH,100,0,126,30039,CELL,13,37730,477,37732,0,2026-03-23 15:05:53.693251
BASIC,0,866,100,46312,29,BMS_TEMP,180,48,24,22,203,STRINGS,37744,21,36772,11,22016,BATTERY_TEMP,24,1,22,111,23,25,52736,HEALTH,100,0,126,30039,CELL,16,37737,477,37736,0,2026-03-23 15:05:53.833076
BASIC,0,866,100,46312,29,BMS_TEMP,180,48,24,22,203,STRINGS,37745,21,36773,11,22528,BATTERY_TEMP,24,1,22,111,23,25,52736,HEALTH,100,0,126,30039,CELL,19,37730,477,37728,0,2026-03-23 15:05:53.976193
BASIC,0,866,100,46312,29,BMS_TEMP,180,48,24,22,203,STRINGS,37744,21,36772,11,22016,BATTERY_TEMP,24,1,22,111,23,25,52736,HEALTH,100,0,126,30039,CELL,6,37708,477,37707,0,2026-03-23 15:05:54.119224
BASIC,0,866,100,46312,29,BMS_TEMP,180,48,24,22,203,STRINGS,37743,21,36772,11,21760,BATTERY_TEMP,24,1,22,111,23,25,52736,HEALTH,100,0,126,29782,CELL,5,37711,477,37710,0,2026-03-23 15:05:54.380647
BASIC,0,866,100,46312,29,BMS_TEMP,180,48,24,22,203,STRINGS,37743,21,36771,11,21504,BATTERY_TEMP,24,1,22,111,23,25,52736,HEALTH,100,0,126,30039,CELL,14,37734,477,37734,0,2026-03-23 15:05:54.693764
BASIC,0,866,100,46312,29,BMS_TEMP,180,48,24,22,203,STRINGS,37743,21,36772,11,21760,BATTERY_TEMP,24,1,22,111,23,25,52736,HEALTH,100,0,126,30039,CELL,0,37577,477,37576,0,2026-03-23 15:05:54.902523
BASIC,0,866,100,46312,29,BMS_TEMP,180,48,24,22,203,STRINGS,37743,21,36773,11,22016,BATTERY_TEMP,24,1,22,111,23,26,52992,HEALTH,100,0,126,30039,CELL,6,37708,477,37707,0,2026-03-23 15:05:55.108655
BASIC,0,866,100,46312,29,BMS_TEMP,180,48,24,22,203,STRINGS,37742,21,36772,11,21504,BATTERY_TEMP,24,1,22,111,23,26,52992,HEALTH,100,0,126,30039,CELL,12,37728,477,37728,0,2026-03-23 15:05:55.318485
BASIC,0,866,100,46312,29,BMS_TEMP,180,48,24,22,203,STRINGS,37744,21,36772,11,22016,BATTERY_TEMP,24,1,22,111,23,26,52992,HEALTH,100,0,126,30039,CELL,18,37720,477,37718,0,2026-03-23 15:05:55.732940
BASIC,0,866,100,46312,29,BMS_TEMP,180,48,24,22,203,STRINGS,37744,21,36772,11,22016,BATTERY_TEMP,24,1,22,111,23,26,52992,HEALTH,100,0,126,30039,CELL,7,37712,477,37710,0,2026-03-23 15:05:55.876366
BASIC,0,866,100,46312,29,BMS_TEMP,180,48,24,22,203,STRINGS,37745,21,36771,11,22016,BATTERY_TEMP,24,1,22,111,23,26,52992,HEALTH,100,0,126,29782,CELL,10,36772,477,36772,0,2026-03-23 15:05:56.148792
BASIC,0,866,100,46312,29,BMS_TEMP,180,48,24,22,203,STRINGS,37744,21,36773,11,22272,BATTERY_TEMP,24,1,22,111,23,26,52992,HEALTH,100,0,126,30039,CELL,19,37729,477,37728,0,2026-03-23 15:05:56.290164
BASIC,0,866,100,46312,29,BMS_TEMP,180,48,24,22,203,STRINGS,37744,21,36771,11,21760,BATTERY_TEMP,24,1,22,111,23,26,52992,HEALTH,100,0,126,30039,CELL,22,37733,477,37733,0,2026-03-23 15:05:56.565161
BASIC,0,866,100,46312,29,BMS_TEMP,180,48,24,22,203,STRINGS,37743,21,36773,11,22016,BATTERY_TEMP,24,1,22,111,23,26,52992,HEALTH,100,0,126,29782,CELL,8,37702,477,37702,0,2026-03-23 15:05:56.877040
BASIC,0,866,100,46312,29,BMS_TEMP,180,48,24,22,203,STRINGS,37743,21,36771,11,21504,BATTERY_TEMP,24,1,22,111,23,26,52992,HEALTH,100,0,126,29782,CELL,17,37728,477,37729,0,2026-03-23 15:05:57.293315
BASIC,0,866,100,46312,29,BMS_TEMP,180,48,24,22,203,STRINGS,37744,21,36772,11,22016,BATTERY_TEMP,24,1,22,111,23,26,52992,HEALTH,100,0,126,29782,CELL,6,37708,477,37707,0,2026-03-23 15:05:57.709683
BASIC,0,866,100,46312,29,BMS_TEMP,180,48,24,22,203,STRINGS,37744,21,36772,11,22016,BATTERY_TEMP,24,1,22,111,23,26,52992,HEALTH,100,0,126,30039,CELL,18,37718,477,37718,0,2026-03-23 15:05:58.020781
BASIC,0,866,100,46312,29,BMS_TEMP,180,48,24,22,203,STRINGS,37742,21,36771,11,21248,BATTERY_TEMP,24,1,22,111,23,26,52992,HEALTH,100,0,126,30039,CELL,4,37682,477,37682,0,2026-03-23 15:05:58.646472
BASIC,0,866,100,46312,29,BMS_TEMP,180,48,24,22,203,STRINGS,37744,21,36772,11,22016,BATTERY_TEMP,24,1,22,111,23,26,52992,HEALTH,100,0,126,30039,CELL,22,37734,477,37734,0,2026-03-23 15:05:58.789711
BASIC,0,866,100,46312,29,BMS_TEMP,180,48,24,22,203,STRINGS,37743,21,36772,11,21760,BATTERY_TEMP,24,1,22,111,23,26,52992,HEALTH,100,0,126,30039,CELL,2,37664,477,37664,0,2026-03-23 15:05:58.956407
BASIC,0,866,100,46312,29,BMS_TEMP,180,48,24,22,203,STRINGS,37742,21,36770,11,20992,BATTERY_TEMP,24,1,22,111,23,25,52736,HEALTH,100,0,126,30039,CELL,8,37702,477,37702,0,2026-03-23 15:05:59.268598
BASIC,0,866,100,46312,29,BMS_TEMP,180,48,24,22,203,STRINGS,37743,21,36772,11,21760,BATTERY_TEMP,24,1,22,111,23,25,52736,HEALTH,100,0,126,29782,CELL,17,37729,477,37728,0,2026-03-23 15:05:59.479062
BASIC,0,866,100,46312,29,BMS_TEMP,180,48,24,22,203,STRINGS,37744,21,36772,11,22016,BATTERY_TEMP,24,1,22,111,23,25,52736,HEALTH,100,0,126,30039,CELL,0,37577,477,37576,0,2026-03-23 15:05:59.622119
BASIC,0,866,100,46312,29,BMS_TEMP,180,48,24,22,203,STRINGS,37742,21,36772,11,21504,BATTERY_TEMP,24,1,22,111,23,25,52736,HEALTH,100,0,126,29782,CELL,3,37718,477,37719,0,2026-03-23 15:05:59.789700
BASIC,0,866,100,46312,29,BMS_TEMP,180,48,24,22,203,STRINGS,37743,21,36771,11,21504,BATTERY_TEMP,24,1,22,111,23,25,52736,HEALTH,100,0,126,29782,CELL,9,37708,477,37707,0,2026-03-23 15:06:00.205894
BASIC,0,866,100,46312,29,BMS_TEMP,180,48,24,22,203,STRINGS,37744,21,36772,11,22016,BATTERY_TEMP,24,1,22,111,23,25,52736,HEALTH,100,0,126,30039,CELL,21,37734,477,37733,0,2026-03-23 15:06:00.934408
BASIC,0,866,100,46312,29,BMS_TEMP,180,48,24,22,203,STRINGS,37743,21,36772,11,21760,BATTERY_TEMP,24,1,22,111,23,25,52736,HEALTH,100,0,126,29782,CELL,19,37728,477,37727,0,2026-03-23 15:06:01.142855
BASIC,0,866,100,46312,29,BMS_TEMP,180,48,24,22,203,STRINGS,37743,21,36772,11,21760,BATTERY_TEMP,24,1,22,111,23,25,52736,HEALTH,100,0,126,30039,CELL,2,37664,477,37664,0,2026-03-23 15:06:01.556307
BASIC,0,866,100,46312,29,BMS_TEMP,180,48,24,22,203,STRINGS,37744,21,36772,11,22016,BATTERY_TEMP,24,1,22,111,23,25,52736,HEALTH,100,0,126,29782,CELL,14,37734,477,37734,0,2026-03-23 15:06:01.700680
BASIC,0,866,100,46312,29,BMS_TEMP,180,48,24,22,203,STRINGS,37745,21,36772,11,22272,BATTERY_TEMP,24,1,22,111,23,25,52736,HEALTH,100,0,126,29782,CELL,17,37728,477,37728,0,2026-03-23 15:06:01.868389
BASIC,0,866,100,46312,29,BMS_TEMP,180,48,24,22,203,STRINGS,37744,21,36772,11,22016,BATTERY_TEMP,24,1,22,111,23,26,52992,HEALTH,100,0,126,30039,CELL,0,37576,477,37576,0,2026-03-23 15:06:02.010391
BASIC,0,866,100,46312,29,BMS_TEMP,180,48,24,22,203,STRINGS,37743,21,36772,11,21760,BATTERY_TEMP,24,1,22,111,23,26,52992,HEALTH,100,0,126,30039,CELL,3,37719,477,37719,0,2026-03-23 15:06:02.180457
BASIC,0,866,100,46312,29,BMS_TEMP,180,48,24,22,203,STRINGS,37743,21,36771,11,21504,BATTERY_TEMP,24,1,22,111,23,26,52992,HEALTH,100,0,126,30039,CELL,9,37706,477,37707,0,2026-03-23 15:06:02.324275
BASIC,0,866,100,46312,29,BMS_TEMP,180,48,24,22,203,STRINGS,37743,21,36772,11,21760,BATTERY_TEMP,24,1,22,111,23,26,52992,HEALTH,100,0,126,30039,CELL,22,37735,477,37734,0,2026-03-23 15:06:02.466474
BASIC,0,866,100,46312,29,BMS_TEMP,180,48,24,22,203,STRINGS,37744,21,36771,11,21760,BATTERY_TEMP,24,1,22,111,23,26,52992,HEALTH,100,0,126,29782,CELL,15,37740,477,37739,0,2026-03-23 15:06:03.118157
BASIC,0,866,100,46312,29,BMS_TEMP,180,48,24,22,203,STRINGS,37744,21,36772,11,22016,BATTERY_TEMP,24,1,22,111,23,26,52992,HEALTH,100,0,126,29782,CELL,13,37731,477,37731,0,2026-03-23 15:06:03.428412
BASIC,0,866,100,46312,29,BMS_TEMP,180,48,24,22,203,STRINGS,37744,21,36772,11,22016,BATTERY_TEMP,24,1,22,111,23,26,52992,HEALTH,100,0,126,30039,CELL,22,37736,477,37733,0,2026-03-23 15:06:03.742263
BASIC,0,866,100,46312,29,BMS_TEMP,180,48,24,22,203,STRINGS,37745,21,36772,11,22272,BATTERY_TEMP,24,1,22,111,23,26,52992,HEALTH,100,0,126,30039,CELL,8,37702,477,37702,0,2026-03-23 15:06:03.883123
BASIC,0,866,100,46312,29,BMS_TEMP,180,48,24,22,203,STRINGS,37742,21,36772,11,21504,BATTERY_TEMP,24,1,22,111,23,26,52992,HEALTH,100,0,126,30039,CELL,11,37733,477,37733,0,2026-03-23 15:06:04.157151
BASIC,0,866,100,46312,29,BMS_TEMP,180,48,24,22,203,STRINGS,37743,21,36773,11,22016,BATTERY_TEMP,24,1,22,111,23,26,52992,HEALTH,100,0,126,29782,CELL,20,37743,477,37743,0,2026-03-23 15:06:04.468547
BASIC,0,866,100,46312,29,BMS_TEMP,180,48,24,22,203,STRINGS,37744,21,36772,11,22016,BATTERY_TEMP,24,1,22,111,23,26,52992,HEALTH,100,0,126,29782,CELL,6,37708,477,37707,0,2026-03-23 15:06:04.610134
BASIC,0,866,100,46312,29,BMS_TEMP,180,48,24,22,203,STRINGS,37744,21,36772,11,22016,BATTERY_TEMP,24,1,22,111,23,26,52992,HEALTH,100,0,126,29782,CELL,9,37708,477,37707,0,2026-03-23 15:06:04.781536
BASIC,0,866,100,46312,29,BMS_TEMP,180,48,24,22,203,STRINGS,37742,21,36771,11,21248,BATTERY_TEMP,24,1,22,111,23,26,52992,HEALTH,100,0,126,30039,CELL,15,37739,477,37739,0,2026-03-23 15:06:04.924593
BASIC,0,866,100,46312,29,BMS_TEMP,180,48,24,22,203,STRINGS,37741,21,36772,11,21248,BATTERY_TEMP,24,1,22,111,23,26,52992,HEALTH,100,0,126,30039,CELL,5,37710,477,37710,0,2026-03-23 15:06:05.065213
BASIC,0,866,100,46312,29,BMS_TEMP,180,48,24,22,203,STRINGS,37743,21,36772,11,21760,BATTERY_TEMP,24,1,22,111,23,26,52992,HEALTH,100,0,126,30039,CELL,21,37733,477,37733,0,2026-03-23 15:06:05.302191
BASIC,0,866,100,46312,29,BMS_TEMP,180,48,24,22,203,STRINGS,37742,21,36771,11,21248,BATTERY_TEMP,24,1,22,111,23,26,52992,HEALTH,100,0,126,30039,CELL,7,37710,477,37710,0,2026-03-23 15:06:05.612744
BASIC,0,866,100,46312,29,BMS_TEMP,180,48,24,22,203,STRINGS,37744,21,36772,11,22016,BATTERY_TEMP,24,1,22,111,23,26,52992,HEALTH,100,0,126,30039,CELL,16,37736,477,37735,0,2026-03-23 15:06:06.028703
BASIC,0,866,100,46312,29,BMS_TEMP,180,48,24,22,203,STRINGS,37743,21,36772,11,21760,BATTERY_TEMP,24,1,22,111,23,26,52992,HEALTH,100,0,126,29782,CELL,5,37711,477,37710,0,2026-03-23 15:06:06.238547
BASIC,0,866,100,46312,29,BMS_TEMP,180,48,24,22,203,STRINGS,37744,21,36772,11,22016,BATTERY_TEMP,24,1,22,111,23,26,52992,HEALTH,100,0,126,30039,CELL,11,37733,477,37733,0,2026-03-23 15:06:06.446863
BASIC,0,866,100,46312,29,BMS_TEMP,180,48,24,22,203,STRINGS,37744,21,36770,11,21504,BATTERY_TEMP,24,1,22,111,23,26,52992,HEALTH,100,0,126,29782,CELL,17,37729,477,37728,0,2026-03-23 15:06:06.756860
BASIC,0,866,100,46312,29,BMS_TEMP,180,48,24,22,203,STRINGS,37744,21,36772,11,22016,BATTERY_TEMP,24,1,22,111,23,26,52992,HEALTH,100,0,126,29782,CELL,3,37719,477,37719,0,2026-03-23 15:06:06.898046
BASIC,0,866,100,46312,29,BMS_TEMP,180,48,24,22,203,STRINGS,37743,21,36773,11,22016,BATTERY_TEMP,24,1,22,111,23,26,52992,HEALTH,100,0,126,30039,CELL,6,37708,477,37708,0,2026-03-23 15:06:07.041439
BASIC,0,866,100,46312,29,BMS_TEMP,180,48,24,22,203,STRINGS,37742,21,36772,11,21504,BATTERY_TEMP,24,1,22,111,23,26,52992,HEALTH,100,0,126,29782,CELL,9,37707,477,37707,0,2026-03-23 15:06:07.278332
BASIC,0,866,100,46312,29,BMS_TEMP,180,48,24,22,203,STRINGS,37743,21,36771,11,21504,BATTERY_TEMP,24,1,22,111,23,26,52992,HEALTH,100,0,126,30039,CELL,18,37719,477,37719,0,2026-03-23 15:06:07.485969
BASIC,0,866,100,46312,29,BMS_TEMP,180,48,24,22,203,STRINGS,37743,21,36773,11,22016,BATTERY_TEMP,24,1,22,111,23,26,52992,HEALTH,100,0,126,29782,CELL,2,37663,477,37663,0,2026-03-23 15:06:07.628688
BASIC,0,866,100,46312,29,BMS_TEMP,180,48,24,22,203,STRINGS,37743,21,36772,11,21760,BATTERY_TEMP,24,1,22,111,23,26,52992,HEALTH,100,0,126,30039,CELL,4,37683,477,37682,0,2026-03-23 15:06:07.770166
BASIC,0,866,100,46312,29,BMS_TEMP,180,48,24,22,203,STRINGS,37743,21,36771,11,21504,BATTERY_TEMP,24,1,22,111,23,26,52992,HEALTH,100,0,126,30039,CELL,7,37711,477,37710,0,2026-03-23 15:06:07.912262
BASIC,0,866,100,46312,29,BMS_TEMP,180,48,24,22,203,STRINGS,37743,21,36771,11,21504,BATTERY_TEMP,24,1,22,111,23,26,52992,HEALTH,100,0,126,30039,CELL,13,37731,477,37731,0,2026-03-23 15:06:08.213234
BASIC,0,866,100,46312,29,BMS_TEMP,180,48,24,22,203,STRINGS,37744,21,36772,11,22016,BATTERY_TEMP,24,1,22,111,23,26,52992,HEALTH,100,0,126,30039,CELL,22,37734,477,37733,0,2026-03-23 15:06:08.524684
BASIC,0,866,100,46312,29,BMS_TEMP,180,48,24,22,203,STRINGS,37742,21,36772,11,21504,BATTERY_TEMP,24,1,22,111,23,26,52992,HEALTH,100,0,126,29782,CELL,8,37702,477,37702,0,2026-03-23 15:06:08.941112
BASIC,0,866,100,46312,29,BMS_TEMP,180,48,24,22,203,STRINGS,37742,21,36772,11,21504,BATTERY_TEMP,24,1,22,111,23,26,52992,HEALTH,100,0,126,30039,CELL,20,37742,477,37744,0,2026-03-23 15:06:09.460688
BASIC,0,866,100,46312,29,BMS_TEMP,180,48,24,22,203,STRINGS,37743,21,36772,11,21760,BATTERY_TEMP,24,1,22,111,23,26,52992,HEALTH,100,0,126,30039,CELL,12,37728,477,37728,0,2026-03-23 15:06:09.670151
BASIC,0,866,100,46312,29,BMS_TEMP,180,48,24,22,203,STRINGS,37743,21,36772,11,21760,BATTERY_TEMP,24,1,22,111,23,26,52992,HEALTH,100,0,126,29782,CELL,18,37719,477,37718,0,2026-03-23 15:06:09.981554
BASIC,0,866,100,46312,29,BMS_TEMP,180,48,24,22,203,STRINGS,37744,21,36771,11,21760,BATTERY_TEMP,24,1,22,111,23,26,52992,HEALTH,100,0,126,30039,CELL,4,37682,477,37682,0,2026-03-23 15:06:10.191088
BASIC,0,866,100,46312,29,BMS_TEMP,180,48,24,22,203,STRINGS,37744,21,36772,11,22016,BATTERY_TEMP,24,1,22,111,23,26,52992,HEALTH,100,0,126,29782,CELL,10,36772,477,36771,0,2026-03-23 15:06:10.396489
BASIC,0,866,100,46312,29,BMS_TEMP,180,48,24,22,203,STRINGS,37742,21,36772,11,21504,BATTERY_TEMP,24,1,22,111,23,26,52992,HEALTH,100,0,126,30039,CELL,16,37736,477,37736,0,2026-03-23 15:06:11.124607
BASIC,0,866,100,46312,29,BMS_TEMP,180,48,24,22,203,STRINGS,37743,21,36773,11,22016,BATTERY_TEMP,24,1,22,111,23,26,52992,HEALTH,100,0,126,30039,CELL,14,37735,477,37734,0,2026-03-23 15:06:11.854967
BASIC,0,866,100,46312,29,BMS_TEMP,180,48,24,22,203,STRINGS,37742,21,36772,11,21504,BATTERY_TEMP,24,1,22,111,23,26,52992,HEALTH,100,0,126,30039,CELL,12,37728,477,37729,0,2026-03-23 15:06:12.060358
BASIC,0,866,100,46312,29,BMS_TEMP,180,48,24,22,203,STRINGS,37744,21,36772,11,22016,BATTERY_TEMP,24,1,22,111,23,25,52736,HEALTH,100,0,126,30039,CELL,18,37718,477,37719,0,2026-03-23 15:06:12.270100
BASIC,0,866,100,46312,29,BMS_TEMP,180,48,24,22,203,STRINGS,37743,21,36772,11,21760,BATTERY_TEMP,24,1,22,111,23,25,52736,HEALTH,100,0,126,30039,CELL,1,37663,477,37663,0,2026-03-23 15:06:12.580613
BASIC,0,866,100,46312,29,BMS_TEMP,180,48,24,22,203,STRINGS,37744,21,36772,11,22016,BATTERY_TEMP,24,1,22,111,23,25,52736,HEALTH,100,0,126,29782,CELL,10,36773,477,36771,0,2026-03-23 15:06:12.788711
BASIC,0,866,100,46312,29,BMS_TEMP,180,48,24,22,203,STRINGS,37744,21,36772,11,22016,BATTERY_TEMP,24,1,22,111,23,25,52736,HEALTH,100,0,126,29782,CELL,16,37736,477,37736,0,2026-03-23 15:06:12.931331
BASIC,0,866,100,46312,29,BMS_TEMP,180,48,24,22,203,STRINGS,37744,21,36772,11,22016,BATTERY_TEMP,24,1,22,111,23,26,52992,HEALTH,100,0,126,30039,CELL,19,37729,477,37727,0,2026-03-23 15:06:13.206845
BASIC,0,866,100,46312,29,BMS_TEMP,180,48,24,22,203,STRINGS,37743,21,36772,11,21760,BATTERY_TEMP,24,1,22,111,23,26,52992,HEALTH,100,0,126,30039,CELL,5,37711,477,37711,0,2026-03-23 15:06:13.347560
BASIC,0,866,100,46312,29,BMS_TEMP,180,48,24,22,203,STRINGS,37742,21,36772,11,21504,BATTERY_TEMP,24,1,22,111,23,26,52992,HEALTH,100,0,126,30039,CELL,8,37701,477,37701,0,2026-03-23 15:06:13.490370
BASIC,0,866,100,46312,29,BMS_TEMP,180,48,24,22,203,STRINGS,37745,21,36772,11,22272,BATTERY_TEMP,24,1,22,111,23,26,52992,HEALTH,100,0,126,29782,CELL,11,37734,477,37734,0,2026-03-23 15:06:14.036276
BASIC,0,866,100,46312,29,BMS_TEMP,180,48,24,22,203,STRINGS,37744,21,36772,11,22016,BATTERY_TEMP,24,1,22,111,23,26,52992,HEALTH,100,0,126,29782,CELL,6,37707,477,37707,0,2026-03-23 15:06:14.246201
BASIC,0,866,100,46312,29,BMS_TEMP,180,48,24,22,203,STRINGS,37745,21,36771,11,22016,BATTERY_TEMP,24,1,22,111,23,26,52992,HEALTH,100,0,126,30039,CELL,12,37728,477,37728,0,2026-03-23 15:06:14.557279
BASIC,0,866,100,46312,29,BMS_TEMP,180,48,24,22,203,STRINGS,37743,21,36772,11,21760,BATTERY_TEMP,24,1,22,111,23,26,52992,HEALTH,100,0,126,29782,CELL,21,37733,477,37732,0,2026-03-23 15:06:14.767144
BASIC,0,866,100,46312,29,BMS_TEMP,180,48,24,22,203,STRINGS,37743,21,36772,11,21760,BATTERY_TEMP,24,1,22,111,23,26,52992,HEALTH,100,0,126,29525,CELL,4,37682,477,37681,0,2026-03-23 15:06:14.974047
BASIC,0,866,100,46312,29,BMS_TEMP,180,48,24,22,203,STRINGS,37744,21,36772,11,22016,BATTERY_TEMP,24,1,22,111,23,26,52992,HEALTH,100,0,126,30039,CELL,10,36772,477,36772,0,2026-03-23 15:06:15.115566
BASIC,0,866,100,46312,29,BMS_TEMP,180,48,24,22,203,STRINGS,37744,21,36773,11,22272,BATTERY_TEMP,24,1,22,111,23,26,52992,HEALTH,100,0,126,30039,CELL,13,37732,477,37730,0,2026-03-23 15:06:15.494549
BASIC,0,866,100,46312,29,BMS_TEMP,180,48,24,22,203,STRINGS,37744,21,36772,11,22016,BATTERY_TEMP,24,1,22,111,23,26,52992,HEALTH,100,0,126,29782,CELL,2,37664,477,37664,0,2026-03-23 15:06:15.806488
BASIC,0,866,100,46312,29,BMS_TEMP,180,48,24,22,203,STRINGS,37743,21,36771,11,21504,BATTERY_TEMP,24,1,22,111,23,26,52992,HEALTH,100,0,126,30039,CELL,11,37734,477,37734,0,2026-03-23 15:06:16.222623
BASIC,0,866,100,46312,29,BMS_TEMP,180,48,24,22,203,STRINGS,37744,21,36772,11,22016,BATTERY_TEMP,24,1,22,111,23,26,52992,HEALTH,100,0,126,30039,CELL,0,37576,477,37576,0,2026-03-23 15:06:16.846419
BASIC,0,866,100,46312,29,BMS_TEMP,180,48,24,22,203,STRINGS,37743,21,36772,11,21760,BATTERY_TEMP,24,1,22,111,23,26,52992,HEALTH,100,0,126,30039,CELL,18,37719,477,37719,0,2026-03-23 15:06:16.989666
BASIC,0,866,100,46312,29,BMS_TEMP,180,48,24,22,203,STRINGS,37744,21,36771,11,21760,BATTERY_TEMP,24,1,22,111,23,26,52992,HEALTH,100,0,126,30039,CELL,8,37702,477,37702,0,2026-03-23 15:06:17.366359
BASIC,0,866,100,46312,29,BMS_TEMP,180,48,24,22,203,STRINGS,37744,21,36773,11,22272,BATTERY_TEMP,24,1,22,111,23,26,52992,HEALTH,100,0,126,30039,CELL,10,36773,477,36771,0,2026-03-23 15:06:17.676477
BASIC,0,866,100,46312,29,BMS_TEMP,180,48,24,22,203,STRINGS,37744,21,36772,11,22016,BATTERY_TEMP,24,1,22,111,23,26,52992,HEALTH,100,0,126,30039,CELL,19,37729,477,37728,0,2026-03-23 15:06:18.198823
BASIC,0,866,100,46312,29,BMS_TEMP,180,48,24,22,203,STRINGS,37744,21,36773,11,22272,BATTERY_TEMP,24,1,22,111,23,26,52992,HEALTH,100,0,126,30039,CELL,11,37734,477,37733,0,2026-03-23 15:06:18.405480
BASIC,0,866,100,46312,29,BMS_TEMP,180,48,24,22,203,STRINGS,37744,21,36771,11,21760,BATTERY_TEMP,24,1,22,111,23,26,52992,HEALTH,100,0,126,29782,CELL,17,37729,477,37729,0,2026-03-23 15:06:18.821471
BASIC,0,866,100,46312,29,BMS_TEMP,180,48,24,22,203,STRINGS,37743,21,36772,11,21760,BATTERY_TEMP,24,1,22,111,23,26,52992,HEALTH,100,0,126,29782,CELL,6,37708,477,37707,0,2026-03-23 15:06:19.132576
BASIC,0,866,100,46312,29,BMS_TEMP,180,48,24,22,203,STRINGS,37744,21,36772,11,22016,BATTERY_TEMP,24,1,22,111,23,26,52992,HEALTH,100,0,126,29782,CELL,15,37742,477,37739,0,2026-03-23 15:06:19.758690
BASIC,0,866,100,46312,29,BMS_TEMP,180,48,24,22,203,STRINGS,37743,21,36771,11,21504,BATTERY_TEMP,24,1,22,111,23,26,52992,HEALTH,100,0,126,29782,CELL,10,36772,477,36772,0,2026-03-23 15:06:19.899705
BASIC,0,866,100,46312,29,BMS_TEMP,180,48,24,22,203,STRINGS,37744,21,36772,11,22016,BATTERY_TEMP,24,1,22,111,23,26,52992,HEALTH,100,0,126,30039,CELL,13,37730,477,37731,0,2026-03-23 15:06:20.068379
BASIC,0,866,100,46312,29,BMS_TEMP,180,48,24,22,203,STRINGS,37743,21,36772,11,21760,BATTERY_TEMP,24,1,22,111,23,26,52992,HEALTH,100,0,126,30039,CELL,19,37728,477,37729,0,2026-03-23 15:06:20.590394
BASIC,0,866,100,46312,29,BMS_TEMP,180,48,24,22,203,STRINGS,37744,21,36772,11,22016,BATTERY_TEMP,24,1,22,111,23,26,52992,HEALTH,100,0,126,30039,CELL,11,37734,477,37733,0,2026-03-23 15:06:20.733984
BASIC,0,866,100,46312,29,BMS_TEMP,180,48,24,22,203,STRINGS,37744,21,36771,11,21760,BATTERY_TEMP,24,1,22,111,23,26,52992,HEALTH,100,0,126,29782,CELL,14,37735,477,37734,0,2026-03-23 15:06:21.317998
BASIC,0,866,100,46312,29,BMS_TEMP,180,48,24,22,203,STRINGS,37744,21,36772,11,22016,BATTERY_TEMP,24,1,22,111,23,26,52992,HEALTH,100,0,126,30039,CELL,9,37708,477,37707,0,2026-03-23 15:06:22.044360
BASIC,0,866,100,46312,29,BMS_TEMP,180,48,24,22,203,STRINGS,37742,21,36772,11,21504,BATTERY_TEMP,24,1,22,111,23,26,52992,HEALTH,100,0,126,30039,CELL,7,37711,477,37710,0,2026-03-23 15:06:22.357160
BASIC,0,866,100,46312,29,BMS_TEMP,180,48,24,22,203,STRINGS,37744,21,36772,11,22016,BATTERY_TEMP,24,1,22,111,23,26,52992,HEALTH,100,0,126,30039,CELL,16,37736,477,37736,0,2026-03-23 15:06:22.498129
BASIC,0,866,100,46312,29,BMS_TEMP,180,48,24,22,203,STRINGS,37744,21,36773,11,22272,BATTERY_TEMP,24,1,22,111,23,26,52992,HEALTH,100,0,126,29782,CELL,19,37729,477,37728,0,2026-03-23 15:06:22.641374
BASIC,0,866,100,46312,29,BMS_TEMP,180,48,24,22,203,STRINGS,37743,21,36772,11,21760,BATTERY_TEMP,24,1,22,111,23,26,52992,HEALTH,100,0,126,30039,CELL,22,37734,477,37734,0,2026-03-23 15:06:22.785894
BASIC,0,866,100,46312,29,BMS_TEMP,180,48,24,22,203,STRINGS,37743,21,36772,11,21760,BATTERY_TEMP,24,1,22,111,23,26,52992,HEALTH,100,0,126,30039,CELL,5,37712,477,37711,0,2026-03-23 15:06:23.191028
BASIC,0,866,100,46312,29,BMS_TEMP,180,48,24,22,203,STRINGS,37743,21,36772,11,21760,BATTERY_TEMP,24,1,22,111,23,26,52992,HEALTH,100,0,126,30039,CELL,17,37729,477,37729,0,2026-03-23 15:06:23.398360
BASIC,0,866,100,46312,29,BMS_TEMP,180,48,24,22,203,STRINGS,37744,21,36772,11,22016,BATTERY_TEMP,24,1,22,111,23,26,52992,HEALTH,100,0,126,30039,CELL,0,37577,477,37576,0,2026-03-23 15:06:23.539271
BASIC,0,866,100,46312,29,BMS_TEMP,180,48,24,22,203,STRINGS,37742,21,36772,11,21504,BATTERY_TEMP,24,1,22,111,23,26,52992,HEALTH,100,0,126,30039,CELL,13,37729,477,37730,0,2026-03-23 15:06:23.919049
BASIC,0,866,100,46312,29,BMS_TEMP,180,48,24,22,203,STRINGS,37744,21,36771,11,21760,BATTERY_TEMP,24,1,22,111,23,26,52992,HEALTH,100,0,126,30039,CELL,15,37739,477,37740,0,2026-03-23 15:06:24.229969
BASIC,0,866,100,46312,29,BMS_TEMP,180,48,24,22,203,STRINGS,37744,21,36772,11,22016,BATTERY_TEMP,24,1,22,111,23,26,52992,HEALTH,100,0,126,30039,CELL,1,37663,477,37662,0,2026-03-23 15:06:24.646291
BASIC,0,866,100,46312,29,BMS_TEMP,180,48,24,22,203,STRINGS,37743,21,36772,11,21760,BATTERY_TEMP,24,1,22,111,23,26,52992,HEALTH,100,0,126,30039,CELL,13,37731,477,37731,0,2026-03-23 15:06:24.958287
BASIC,0,866,100,46312,29,BMS_TEMP,180,48,24,22,203,STRINGS,37743,21,36772,11,21760,BATTERY_TEMP,24,1,22,111,23,26,52992,HEALTH,100,0,126,29782,CELL,22,37735,477,37734,0,2026-03-23 15:06:25.267684
BASIC,0,866,100,46312,29,BMS_TEMP,180,48,24,22,203,STRINGS,37744,21,36771,11,21760,BATTERY_TEMP,24,1,22,111,23,26,52992,HEALTH,100,0,126,29782,CELL,8,37701,477,37701,0,2026-03-23 15:06:25.687043
BASIC,0,866,100,46312,29,BMS_TEMP,180,48,24,22,203,STRINGS,37744,21,36772,11,22016,BATTERY_TEMP,24,1,22,111,23,26,52992,HEALTH,100,0,126,30039,CELL,21,37733,477,37733,0,2026-03-23 15:06:25.829941
BASIC,0,866,100,46312,29,BMS_TEMP,180,48,24,22,203,STRINGS,37742,21,36771,11,21248,BATTERY_TEMP,24,1,22,111,23,26,52992,HEALTH,100,0,126,29782,CELL,10,36771,477,36771,0,2026-03-23 15:06:26.413280
BASIC,0,866,100,46312,29,BMS_TEMP,180,48,24,22,203,STRINGS,37744,21,36772,11,22016,BATTERY_TEMP,24,1,22,111,23,26,52992,HEALTH,100,0,126,30039,CELL,18,37720,477,37718,0,2026-03-23 15:06:26.620550
BASIC,0,866,100,46312,29,BMS_TEMP,180,48,24,22,203,STRINGS,37742,21,36771,11,21248,BATTERY_TEMP,24,1,22,111,23,26,52992,HEALTH,100,0,126,29782,CELL,1,37663,477,37662,0,2026-03-23 15:06:27.142287
BASIC,0,866,100,46312,29,BMS_TEMP,180,48,24,22,203,STRINGS,37744,21,36772,11,22016,BATTERY_TEMP,24,1,22,111,23,26,52992,HEALTH,100,0,126,30039,CELL,16,37736,477,37736,0,2026-03-23 15:06:27.870133
BASIC,0,866,100,46312,29,BMS_TEMP,180,48,24,22,203,STRINGS,37744,21,36772,11,22016,BATTERY_TEMP,24,1,22,111,23,26,52992,HEALTH,100,0,126,30039,CELL,14,37735,477,37734,0,2026-03-23 15:06:28.011429
BASIC,0,866,100,46312,29,BMS_TEMP,180,48,24,22,203,STRINGS,37743,21,36772,11,21760,BATTERY_TEMP,24,1,22,111,23,26,52992,HEALTH,100,0,126,30039,CELL,17,37728,477,37729,0,2026-03-23 15:06:28.180231
BASIC,0,866,100,46312,29,BMS_TEMP,180,48,24,22,203,STRINGS,37743,21,36772,11,21760,BATTERY_TEMP,24,1,22,111,23,26,52992,HEALTH,100,0,126,30039,CELL,0,37577,477,37576,0,2026-03-23 15:06:28.323074
BASIC,0,866,100,46312,29,BMS_TEMP,180,48,24,22,203,STRINGS,37743,21,36772,11,21760,BATTERY_TEMP,24,1,22,111,23,26,52992,HEALTH,100,0,126,29782,CELL,13,37731,477,37731,0,2026-03-23 15:06:28.598433
BASIC,0,866,100,46312,29,BMS_TEMP,180,48,24,22,203,STRINGS,37744,21,36772,11,22016,BATTERY_TEMP,24,1,22,111,23,26,52992,HEALTH,100,0,126,30039,CELL,12,37729,477,37729,0,2026-03-23 15:06:28.909292
BASIC,0,866,100,46312,29,BMS_TEMP,180,48,24,22,203,STRINGS,37744,21,36772,11,22016,BATTERY_TEMP,24,1,22,111,23,26,52992,HEALTH,100,0,126,30039,CELL,21,37734,477,37734,0,2026-03-23 15:06:29.050198
BASIC,0,866,100,46312,29,BMS_TEMP,180,48,24,22,203,STRINGS,37743,21,36772,11,21760,BATTERY_TEMP,24,1,22,111,23,26,52992,HEALTH,100,0,126,30039,CELL,11,37734,477,37733,0,2026-03-23 15:06:29.219378
BASIC,0,866,100,46312,29,BMS_TEMP,180,48,24,22,203,STRINGS,37744,21,36771,11,21760,BATTERY_TEMP,24,1,22,111,23,26,52992,HEALTH,100,0,126,29782,CELL,7,37711,477,37710,0,2026-03-23 15:06:29.362199
BASIC,0,866,100,46312,29,BMS_TEMP,180,48,24,22,203,STRINGS,37743,21,36772,11,21760,BATTERY_TEMP,24,1,22,111,23,26,52992,HEALTH,100,0,126,29782,CELL,10,36771,477,36771,0,2026-03-23 15:06:29.531325
BASIC,0,866,100,46312,29,BMS_TEMP,180,48,24,22,203,STRINGS,37742,21,36772,11,21504,BATTERY_TEMP,24,1,22,111,23,26,52992,HEALTH,100,0,126,29782,CELL,16,37736,477,37736,0,2026-03-23 15:06:29.845590
BASIC,0,866,100,46312,29,BMS_TEMP,180,48,24,22,203,STRINGS,37743,21,36772,11,21760,BATTERY_TEMP,24,1,22,111,23,26,52992,HEALTH,100,0,126,30039,CELL,2,37664,477,37663,0,2026-03-23 15:06:29.988329
BASIC,0,866,100,46312,29,BMS_TEMP,180,48,24,22,203,STRINGS,37744,21,36771,11,21760,BATTERY_TEMP,24,1,22,111,23,26,52992,HEALTH,100,0,126,30039,CELL,15,37740,477,37739,0,2026-03-23 15:06:30.131682
BASIC,0,866,100,46312,29,BMS_TEMP,180,48,24,22,203,STRINGS,37743,21,36771,11,21504,BATTERY_TEMP,24,1,22,111,23,26,52992,HEALTH,100,0,126,30039,CELL,8,37701,477,37701,0,2026-03-23 15:06:30.782529
BASIC,0,866,100,46312,29,BMS_TEMP,180,48,24,22,203,STRINGS,37744,21,36772,11,22016,BATTERY_TEMP,24,1,22,111,23,26,52992,HEALTH,100,0,126,29782,CELL,6,37707,477,37707,0,2026-03-23 15:06:30.924849
BASIC,0,866,100,46312,29,BMS_TEMP,180,48,24,22,203,STRINGS,37742,21,36772,11,21504,BATTERY_TEMP,24,1,22,111,23,26,52992,HEALTH,100,0,126,29782,CELL,19,37729,477,37729,0,2026-03-23 15:06:31.197119
BASIC,0,866,100,46312,29,BMS_TEMP,180,48,24,22,203,STRINGS,37742,21,36772,11,21504,BATTERY_TEMP,24,1,22,111,23,26,52992,HEALTH,100,0,126,29782,CELL,18,37719,477,37719,0,2026-03-23 15:06:31.405514
BASIC,0,866,100,46312,29,BMS_TEMP,180,48,24,22,203,STRINGS,37744,21,36772,11,22016,BATTERY_TEMP,24,1,22,111,23,26,52992,HEALTH,100,0,126,30039,CELL,1,37663,477,37663,0,2026-03-23 15:06:31.546447
BASIC,0,866,100,46312,29,BMS_TEMP,180,48,24,22,203,STRINGS,37743,21,36771,11,21504,BATTERY_TEMP,24,1,22,111,23,26,52992,HEALTH,100,0,126,30039,CELL,14,37734,477,37734,0,2026-03-23 15:06:31.822012
BASIC,0,866,100,46312,29,BMS_TEMP,180,48,24,22,203,STRINGS,37743,21,36772,11,21760,BATTERY_TEMP,24,1,22,111,23,26,52992,HEALTH,100,0,126,30039,CELL,13,37732,477,37732,0,2026-03-23 15:06:31.963320
BASIC,0,866,100,46312,29,BMS_TEMP,180,48,24,22,203,STRINGS,37744,21,36772,11,22016,BATTERY_TEMP,24,1,22,111,23,26,52992,HEALTH,100,0,126,30039,CELL,16,37735,477,37736,0,2026-03-23 15:06:32.105529
BASIC,0,866,100,46312,29,BMS_TEMP,180,48,24,22,203,STRINGS,37745,21,36772,11,22272,BATTERY_TEMP,24,1,22,111,23,26,52992,HEALTH,100,0,126,29782,CELL,19,37727,477,37728,0,2026-03-23 15:06:32.250255
BASIC,0,866,100,46312,29,BMS_TEMP,180,48,24,22,203,STRINGS,37743,21,36771,11,21504,BATTERY_TEMP,24,1,22,111,23,26,52992,HEALTH,100,0,126,30039,CELL,2,37664,477,37663,0,2026-03-23 15:06:32.392327
BASIC,0,866,100,46312,29,BMS_TEMP,180,48,24,22,203,STRINGS,37744,21,36772,11,22016,BATTERY_TEMP,24,1,22,111,23,26,52992,HEALTH,100,0,126,30039,CELL,5,37711,477,37710,0,2026-03-23 15:06:32.653950
BASIC,0,866,100,46312,29,BMS_TEMP,180,48,24,22,203,STRINGS,37744,21,36772,11,22016,BATTERY_TEMP,24,1,22,111,23,26,52992,HEALTH,100,0,126,30039,CELL,14,37735,477,37733,0,2026-03-23 15:06:32.794300
BASIC,0,866,100,46312,29,BMS_TEMP,180,48,24,22,203,STRINGS,37743,21,36772,11,21760,BATTERY_TEMP,24,1,22,111,23,26,52992,HEALTH,100,0,126,29782,CELL,17,37728,477,37729,0,2026-03-23 15:06:32.937331
BASIC,0,866,100,46312,29,BMS_TEMP,180,48,24,22,203,STRINGS,37742,21,36772,11,21504,BATTERY_TEMP,24,1,22,111,23,26,52992,HEALTH,100,0,126,30039,CELL,20,37744,477,37744,0,2026-03-23 15:06:33.080325
BASIC,0,866,100,46312,29,BMS_TEMP,180,48,24,22,203,STRINGS,37744,21,36771,11,21760,BATTERY_TEMP,24,1,22,111,23,26,52992,HEALTH,100,0,126,29782,CELL,0,37577,477,37576,0,2026-03-23 15:06:33.223217
BASIC,0,866,100,46312,29,BMS_TEMP,180,48,24,22,203,STRINGS,37744,21,36770,11,21504,BATTERY_TEMP,24,1,22,111,23,26,52992,HEALTH,100,0,126,30039,CELL,6,37708,477,37708,0,2026-03-23 15:06:33.367260
BASIC,0,866,100,46312,29,BMS_TEMP,180,48,24,22,203,STRINGS,37745,21,36772,11,22272,BATTERY_TEMP,24,1,22,111,23,26,52992,HEALTH,100,0,126,30039,CELL,9,37707,477,37707,0,2026-03-23 15:06:33.508666
BASIC,0,866,100,46312,29,BMS_TEMP,180,48,24,22,203,STRINGS,37743,21,36773,11,22016,BATTERY_TEMP,24,1,22,111,23,26,52992,HEALTH,100,0,126,30039,CELL,21,37732,477,37733,0,2026-03-23 15:06:33.693015
BASIC,0,866,100,46312,29,BMS_TEMP,180,48,24,22,203,STRINGS,37744,21,36772,11,22016,BATTERY_TEMP,24,1,22,111,23,26,52992,HEALTH,100,0,126,29782,CELL,21,37735,477,37733,0,2026-03-23 15:06:33.834073
BASIC,0,866,100,46312,29,BMS_TEMP,180,48,24,22,203,STRINGS,37743,21,36772,11,21760,BATTERY_TEMP,24,1,22,111,23,26,52992,HEALTH,100,0,126,30039,CELL,11,37733,477,37733,0,2026-03-23 15:06:33.976055
BASIC,0,866,100,46312,29,BMS_TEMP,180,48,24,22,203,STRINGS,37744,21,36772,11,22016,BATTERY_TEMP,24,1,22,111,23,26,52992,HEALTH,100,0,126,30039,CELL,1,37662,477,37663,0,2026-03-23 15:06:34.120027
BASIC,0,866,100,46312,29,BMS_TEMP,180,48,24,22,203,STRINGS,37743,21,36771,11,21504,BATTERY_TEMP,24,1,22,111,23,26,52992,HEALTH,100,0,126,29782,CELL,14,37734,477,37734,0,2026-03-23 15:06:34.262277
BASIC,0,866,100,46312,29,BMS_TEMP,180,48,24,22,203,STRINGS,37743,21,36771,11,21504,BATTERY_TEMP,24,1,22,111,23,26,52992,HEALTH,100,0,126,30039,CELL,4,37681,477,37681,0,2026-03-23 15:06:34.422080
BASIC,0,866,100,46312,29,BMS_TEMP,180,48,24,22,203,STRINGS,37744,21,36772,11,22016,BATTERY_TEMP,24,1,22,111,23,26,52992,HEALTH,100,0,126,29782,CELL,19,37729,477,37728,0,2026-03-23 15:06:34.628548
BASIC,0,866,100,46312,29,BMS_TEMP,180,48,24,22,203,STRINGS,37744,21,36771,11,21760,BATTERY_TEMP,24,1,22,111,23,26,52992,HEALTH,100,0,126,30039,CELL,2,37664,477,37664,0,2026-03-23 15:06:34.770794
BASIC,0,866,100,46312,29,BMS_TEMP,180,48,24,22,203,STRINGS,37743,21,36771,11,21504,BATTERY_TEMP,24,1,22,111,23,26,52992,HEALTH,100,0,126,30039,CELL,15,37739,477,37739,0,2026-03-23 15:06:34.916094
BASIC,0,866,100,46312,29,BMS_TEMP,180,48,24,22,203,STRINGS,37742,21,36772,11,21504,BATTERY_TEMP,24,1,22,111,23,26,52992,HEALTH,100,0,126,30039,CELL,5,37711,477,37711,0,2026-03-23 15:06:35.056936
BASIC,0,866,100,46312,29,BMS_TEMP,180,48,24,22,203,STRINGS,37744,21,36772,11,22016,BATTERY_TEMP,24,1,22,111,23,26,52992,HEALTH,100,0,126,30039,CELL,18,37720,477,37719,0,2026-03-23 15:06:35.252503
BASIC,0,866,100,46312,29,BMS_TEMP,180,48,24,22,203,STRINGS,37743,21,36772,11,21760,BATTERY_TEMP,24,1,22,111,23,26,52992,HEALTH,100,0,126,29782,CELL,20,37743,477,37743,0,2026-03-23 15:06:35.459146
BASIC,0,866,100,46312,29,BMS_TEMP,180,48,24,22,203,STRINGS,37743,21,36772,11,21760,BATTERY_TEMP,24,1,22,111,23,26,52992,HEALTH,100,0,126,30039,CELL,3,37720,477,37718,0,2026-03-23 15:06:35.602762
BASIC,0,866,100,46312,29,BMS_TEMP,180,48,24,22,203,STRINGS,37742,21,36772,11,21504,BATTERY_TEMP,24,1,22,111,23,26,52992,HEALTH,100,0,126,29782,CELL,16,37736,477,37736,0,2026-03-23 15:06:35.746016
BASIC,0,866,100,46312,29,BMS_TEMP,180,48,24,22,203,STRINGS,37744,21,36772,11,22016,BATTERY_TEMP,24,1,22,111,23,26,52992,HEALTH,100,0,126,30039,CELL,6,37707,477,37707,0,2026-03-23 15:06:35.888045
BASIC,0,866,100,46312,29,BMS_TEMP,180,48,24,22,203,STRINGS,37744,21,36771,11,21760,BATTERY_TEMP,24,1,22,111,23,26,52992,HEALTH,100,0,126,30039,CELL,19,37729,477,37728,0,2026-03-23 15:06:36.031720
BASIC,0,866,100,46312,29,BMS_TEMP,180,48,24,22,203,STRINGS,37744,21,36772,11,22016,BATTERY_TEMP,24,1,22,111,23,26,52992,HEALTH,100,0,126,30039,CELL,9,37708,477,37707,0,2026-03-23 15:06:36.174171
BASIC,0,866,100,46312,29,BMS_TEMP,180,48,24,22,203,STRINGS,37745,21,36772,11,22272,BATTERY_TEMP,24,1,22,111,23,26,52992,HEALTH,100,0,126,29782,CELL,20,37745,477,37743,0,2026-03-23 15:06:36.316472
BASIC,0,866,100,46312,29,BMS_TEMP,180,48,24,22,203,STRINGS,37743,21,36771,11,21504,BATTERY_TEMP,24,1,22,111,23,26,52992,HEALTH,100,0,126,30039,CELL,4,37682,477,37682,0,2026-03-23 15:06:36.462359
BASIC,0,866,100,46312,29,BMS_TEMP,180,48,24,22,203,STRINGS,37744,21,36772,11,22016,BATTERY_TEMP,24,1,22,111,23,26,52992,HEALTH,100,0,126,30039,CELL,0,37575,477,37575,0,2026-03-23 15:06:36.603089
BASIC,0,866,100,46312,29,BMS_TEMP,180,48,24,22,203,STRINGS,37743,21,36772,11,21760,BATTERY_TEMP,24,1,22,111,23,26,52992,HEALTH,100,0,126,29782,CELL,13,37731,477,37730,0,2026-03-23 15:06:36.916447
BASIC,0,866,100,46312,29,BMS_TEMP,180,48,24,22,203,STRINGS,37744,21,36771,11,21760,BATTERY_TEMP,24,1,22,111,23,26,52992,HEALTH,100,0,126,28754,CELL,8,37702,477,37702,0,2026-03-23 15:06:37.124609
BASIC,0,866,100,46312,29,BMS_TEMP,180,48,24,22,203,STRINGS,37743,21,36772,11,21760,BATTERY_TEMP,24,1,22,111,23,26,52992,HEALTH,100,0,126,29782,CELL,5,37711,477,37711,0,2026-03-23 15:06:37.334266
BASIC,0,866,100,46312,29,BMS_TEMP,180,48,24,22,203,STRINGS,37744,21,36772,11,22016,BATTERY_TEMP,24,1,22,111,23,26,52992,HEALTH,100,0,126,30039,CELL,11,37734,477,37733,0,2026-03-23 15:06:38.060593
BASIC,0,866,100,46312,29,BMS_TEMP,180,48,24,22,203,STRINGS,37743,21,36772,11,21760,BATTERY_TEMP,24,1,22,111,23,26,52992,HEALTH,100,0,126,30039,CELL,9,37707,477,37707,0,2026-03-23 15:06:38.582572
BASIC,0,866,100,46312,29,BMS_TEMP,180,48,24,22,203,STRINGS,37743,21,36772,11,21760,BATTERY_TEMP,24,1,22,111,23,26,52992,HEALTH,100,0,126,30039,CELL,0,37576,477,37576,0,2026-03-23 15:06:38.790471
BASIC,0,866,100,46312,29,BMS_TEMP,180,48,24,22,203,STRINGS,37744,21,36772,11,22016,BATTERY_TEMP,24,1,22,111,23,26,52992,HEALTH,100,0,126,29782,CELL,7,37711,477,37710,0,2026-03-23 15:06:38.996664
BASIC,0,866,100,46312,29,BMS_TEMP,180,48,24,22,203,STRINGS,37743,21,36772,11,21760,BATTERY_TEMP,24,1,22,111,23,26,52992,HEALTH,100,0,126,30039,CELL,13,37731,477,37731,0,2026-03-23 15:06:39.518520
BASIC,0,866,100,46312,29,BMS_TEMP,180,48,24,22,203,STRINGS,37743,21,36772,11,21760,BATTERY_TEMP,24,1,22,111,23,26,52992,HEALTH,100,0,126,29782,CELL,5,37710,477,37710,0,2026-03-23 15:06:40.245517
BASIC,0,866,100,46312,29,BMS_TEMP,180,48,24,22,203,STRINGS,37744,21,36772,11,22016,BATTERY_TEMP,24,1,22,111,23,26,52992,HEALTH,100,0,126,30039,CELL,3,37719,477,37719,0,2026-03-23 15:06:40.974146
BASIC,0,866,100,46312,29,BMS_TEMP,180,48,24,22,203,STRINGS,37743,21,36772,11,21760,BATTERY_TEMP,24,1,22,111,23,26,52992,HEALTH,100,0,126,30039,CELL,1,37662,477,37663,0,2026-03-23 15:06:41.389713
BASIC,0,866,100,46312,29,BMS_TEMP,180,48,24,22,203,STRINGS,37744,21,36772,11,22016,BATTERY_TEMP,24,1,22,111,23,26,52992,HEALTH,100,0,126,30039,CELL,12,37728,477,37728,0,2026-03-23 15:06:41.530316
BASIC,0,866,100,46312,29,BMS_TEMP,180,48,24,22,203,STRINGS,37742,21,36770,11,20992,BATTERY_TEMP,24,1,22,111,23,26,52992,HEALTH,100,0,126,30039,CELL,16,37736,477,37736,0,2026-03-23 15:06:41.701851
BASIC,0,866,100,46312,29,BMS_TEMP,180,48,24,22,203,STRINGS,37744,21,36772,11,22016,BATTERY_TEMP,24,1,22,111,23,26,52992,HEALTH,100,0,126,30039,CELL,22,37736,477,37735,0,2026-03-23 15:06:42.430831
BASIC,0,866,100,46312,29,BMS_TEMP,180,48,24,22,203,STRINGS,37743,21,36772,11,21760,BATTERY_TEMP,24,1,22,111,23,26,52992,HEALTH,100,0,126,30039,CELL,19,37728,477,37728,0,2026-03-23 15:06:42.571661
BASIC,0,866,100,46312,29,BMS_TEMP,180,48,24,22,203,STRINGS,37743,21,36772,11,21760,BATTERY_TEMP,24,1,22,111,23,26,52992,HEALTH,100,0,126,30039,CELL,22,37733,477,37734,0,2026-03-23 15:06:43.574519
BASIC,0,866,100,46312,29,BMS_TEMP,180,48,24,22,203,STRINGS,37743,21,36772,11,21760,BATTERY_TEMP,24,1,22,111,23,26,52992,HEALTH,100,0,126,29782,CELL,7,37711,477,37710,0,2026-03-23 15:06:43.887221
BASIC,0,866,100,46312,29,BMS_TEMP,180,48,24,22,203,STRINGS,37744,21,36772,11,22016,BATTERY_TEMP,24,1,22,111,23,26,52992,HEALTH,100,0,126,30039,CELL,17,37729,477,37729,0,2026-03-23 15:06:44.027074
BASIC,0,866,100,46312,29,BMS_TEMP,180,48,24,22,203,STRINGS,37745,21,36773,11,22528,BATTERY_TEMP,24,1,22,111,23,26,52992,HEALTH,100,0,126,29782,CELL,18,37719,477,37719,0,2026-03-23 15:06:44.170552
BASIC,0,866,100,46312,29,BMS_TEMP,180,48,24,22,203,STRINGS,37743,21,36772,11,21760,BATTERY_TEMP,24,1,22,111,23,26,52992,HEALTH,100,0,126,30039,CELL,22,37734,477,37734,0,2026-03-23 15:06:44.614234
BASIC,0,866,100,46312,29,BMS_TEMP,180,48,24,22,203,STRINGS,37745,21,36770,11,21760,BATTERY_TEMP,24,1,22,111,23,26,52992,HEALTH,100,0,126,29782,CELL,14,37733,477,37734,0,2026-03-23 15:06:44.757091
BASIC,0,866,100,46312,29,BMS_TEMP,180,48,24,22,203,STRINGS,37743,21,36772,11,21760,BATTERY_TEMP,24,1,22,111,23,26,52992,HEALTH,100,0,126,30039,CELL,16,37737,477,37736,0,2026-03-23 15:06:45.343391
BASIC,0,866,100,46312,29,BMS_TEMP,180,48,24,22,203,STRINGS,37743,21,36772,11,21760,BATTERY_TEMP,24,1,22,111,23,26,52992,HEALTH,100,0,126,30039,CELL,12,37727,477,37729,0,2026-03-23 15:06:45.485464
BASIC,0,866,100,46312,29,BMS_TEMP,180,48,24,22,203,STRINGS,37743,21,36772,11,21760,BATTERY_TEMP,24,1,22,111,23,26,52992,HEALTH,100,0,126,29782,CELL,14,37734,477,37734,0,2026-03-23 15:06:45.860685
BASIC,0,866,100,46312,29,BMS_TEMP,180,48,24,22,203,STRINGS,37745,21,36772,11,22272,BATTERY_TEMP,24,1,22,111,23,26,52992,HEALTH,100,0,126,30039,CELL,4,37682,477,37682,0,2026-03-23 15:06:46.068359
BASIC,0,866,100,46312,29,BMS_TEMP,180,48,24,22,203,STRINGS,37744,21,36772,11,22016,BATTERY_TEMP,24,1,22,111,23,26,52992,HEALTH,100,0,126,29782,CELL,10,36771,477,36771,0,2026-03-23 15:06:46.588230
BASIC,0,866,100,46312,29,BMS_TEMP,180,48,24,22,203,STRINGS,37743,21,36772,11,21760,BATTERY_TEMP,24,1,22,111,23,26,52992,HEALTH,100,0,126,30039,CELL,1,37663,477,37663,0,2026-03-23 15:06:47.526575
BASIC,0,866,100,46312,29,BMS_TEMP,180,48,24,22,203,STRINGS,37742,21,36771,11,21248,BATTERY_TEMP,24,1,22,111,23,26,52992,HEALTH,100,0,126,29782,CELL,6,37707,477,37707,0,2026-03-23 15:06:47.838399
BASIC,0,866,100,46312,29,BMS_TEMP,180,48,24,22,203,STRINGS,37743,21,36774,11,22272,BATTERY_TEMP,24,1,22,111,23,26,52992,HEALTH,100,0,126,30039,CELL,14,37734,477,37734,0,2026-03-23 15:06:48.044288
BASIC,0,866,100,46312,29,BMS_TEMP,180,48,24,22,203,STRINGS,37743,21,36772,11,21760,BATTERY_TEMP,24,1,22,111,23,26,52992,HEALTH,100,0,126,29782,CELL,20,37743,477,37743,0,2026-03-23 15:06:49.086341
BASIC,0,866,100,46312,29,BMS_TEMP,180,48,24,22,203,STRINGS,37744,21,36772,11,22016,BATTERY_TEMP,24,1,22,111,23,26,52992,HEALTH,100,0,126,30039,CELL,4,37682,477,37681,0,2026-03-23 15:06:49.227386
BASIC,0,866,100,46312,29,BMS_TEMP,180,48,24,22,203,STRINGS,37745,21,36771,11,22016,BATTERY_TEMP,24,1,22,111,23,26,52992,HEALTH,100,0,126,30039,CELL,7,37711,477,37710,0,2026-03-23 15:06:49.371209
BASIC,0,866,100,46312,29,BMS_TEMP,180,48,24,22,203,STRINGS,37744,21,36772,11,22016,BATTERY_TEMP,24,1,22,111,23,26,52992,HEALTH,100,0,126,30039,CELL,10,36772,477,36772,0,2026-03-23 15:06:49.710603
BASIC,0,866,100,46312,29,BMS_TEMP,180,48,24,22,203,STRINGS,37744,21,36773,11,22272,BATTERY_TEMP,24,1,22,111,23,26,52992,HEALTH,100,0,126,30039,CELL,0,37576,477,37576,0,2026-03-23 15:06:50.438563
BASIC,0,866,100,46312,29,BMS_TEMP,180,48,24,22,203,STRINGS,37743,21,36771,11,21504,BATTERY_TEMP,24,1,22,111,23,26,52992,HEALTH,100,0,126,30039,CELL,20,37743,477,37743,0,2026-03-23 15:06:51.060693
BASIC,0,866,100,46312,29,BMS_TEMP,180,48,24,22,203,STRINGS,37744,21,36772,11,22016,BATTERY_TEMP,24,1,22,111,23,26,52992,HEALTH,100,0,126,30039,CELL,15,37740,477,37739,0,2026-03-23 15:06:51.203690
BASIC,0,866,100,46312,29,BMS_TEMP,180,48,24,22,203,STRINGS,37744,21,36771,11,21760,BATTERY_TEMP,24,1,22,111,23,26,52992,HEALTH,100,0,126,30039,CELL,19,37729,477,37728,0,2026-03-23 15:06:51.790937
BASIC,0,866,100,46312,29,BMS_TEMP,180,48,24,22,203,STRINGS,37743,21,36772,11,21760,BATTERY_TEMP,24,1,22,111,23,26,52992,HEALTH,100,0,126,30039,CELL,13,37732,477,37731,0,2026-03-23 15:06:51.933224
BASIC,0,866,100,46312,29,BMS_TEMP,180,48,24,22,203,STRINGS,37744,21,36772,11,22016,BATTERY_TEMP,24,1,22,111,23,26,52992,HEALTH,100,0,126,30039,CELL,7,37712,477,37710,0,2026-03-23 15:06:52.518858
BASIC,0,866,100,46312,29,BMS_TEMP,180,48,24,22,203,STRINGS,37743,21,36770,11,21248,BATTERY_TEMP,24,1,22,111,23,26,52992,HEALTH,100,0,126,29782,CELL,11,37733,477,37733,0,2026-03-23 15:06:53.351624
BASIC,0,866,100,46312,29,BMS_TEMP,180,48,24,22,203,STRINGS,37743,21,36771,11,21504,BATTERY_TEMP,24,1,22,111,23,26,52992,HEALTH,100,0,126,30039,CELL,13,37732,477,37731,0,2026-03-23 15:06:53.662426
BASIC,0,866,100,46312,29,BMS_TEMP,180,48,24,22,203,STRINGS,37743,21,36772,11,21760,BATTERY_TEMP,24,1,22,111,23,26,52992,HEALTH,100,0,126,29782,CELL,21,37732,477,37732,0,2026-03-23 15:06:54.390105
BASIC,0,866,100,46312,29,BMS_TEMP,180,48,24,22,203,STRINGS,37744,21,36772,11,22016,BATTERY_TEMP,24,1,22,111,23,26,52992,HEALTH,100,0,126,30039,CELL,19,37728,477,37729,0,2026-03-23 15:06:55.116752
BASIC,0,866,100,46312,29,BMS_TEMP,180,48,24,22,203,STRINGS,37744,21,36772,11,22016,BATTERY_TEMP,24,1,22,111,23,26,52992,HEALTH,100,0,126,29782,CELL,17,37729,477,37728,0,2026-03-23 15:06:55.261226
BASIC,0,866,100,46312,29,BMS_TEMP,180,48,24,22,203,STRINGS,37743,21,36772,11,21760,BATTERY_TEMP,24,1,22,111,23,26,52992,HEALTH,100,0,126,29782,CELL,21,37732,477,37732,0,2026-03-23 15:06:55.535806
BASIC,0,866,100,46312,29,BMS_TEMP,180,48,24,22,203,STRINGS,37742,21,36771,11,21248,BATTERY_TEMP,24,1,22,111,23,26,52992,HEALTH,100,0,126,30039,CELL,7,37711,477,37710,0,2026-03-23 15:06:56.263652
BASIC,0,866,100,46312,29,BMS_TEMP,180,48,24,22,203,STRINGS,37743,21,36773,11,22016,BATTERY_TEMP,24,1,22,111,23,26,52992,HEALTH,100,0,126,30039,CELL,5,37712,477,37711,0,2026-03-23 15:06:56.470858
BASIC,0,866,100,46312,29,BMS_TEMP,180,48,24,22,203,STRINGS,37743,21,36772,11,21760,BATTERY_TEMP,24,1,22,111,23,26,52992,HEALTH,100,0,126,29782,CELL,11,37734,477,37733,0,2026-03-23 15:06:56.612532
BASIC,0,866,100,46312,29,BMS_TEMP,180,48,24,22,203,STRINGS,37744,21,36771,11,21760,BATTERY_TEMP,24,1,22,111,23,26,52992,HEALTH,100,0,126,30039,CELL,13,37732,477,37731,0,2026-03-23 15:06:56.886408
BASIC,0,866,100,46312,29,BMS_TEMP,180,48,24,22,203,STRINGS,37743,21,36773,11,22016,BATTERY_TEMP,24,1,22,111,23,26,52992,HEALTH,100,0,126,29782,CELL,1,37664,477,37663,0,2026-03-23 15:06:58.342571
BASIC,0,866,100,46312,29,BMS_TEMP,180,48,24,22,203,STRINGS,37743,21,36771,11,21504,BATTERY_TEMP,24,1,22,111,23,26,52992,HEALTH,100,0,126,29782,CELL,18,37720,477,37719,0,2026-03-23 15:06:58.483254
BASIC,0,866,100,46312,29,BMS_TEMP,180,48,24,22,203,STRINGS,37741,21,36771,11,20992,BATTERY_TEMP,24,1,22,111,23,26,52992,HEALTH,100,0,126,29782,CELL,9,37708,477,37707,0,2026-03-23 15:06:58.759522
BASIC,0,866,100,46312,29,BMS_TEMP,180,48,24,22,203,STRINGS,37743,21,36772,11,21760,BATTERY_TEMP,24,1,22,111,23,26,52992,HEALTH,100,0,126,30039,CELL,7,37712,477,37710,0,2026-03-23 15:06:59.381177
BASIC,0,866,100,46312,29,BMS_TEMP,180,48,24,22,203,STRINGS,37745,21,36772,11,22272,BATTERY_TEMP,24,1,22,111,23,26,52992,HEALTH,100,0,126,30039,CELL,3,37719,477,37718,0,2026-03-23 15:06:59.589607
BASIC,0,866,100,46312,29,BMS_TEMP,180,48,24,22,203,STRINGS,37744,21,36772,11,22016,BATTERY_TEMP,24,1,22,111,23,26,52992,HEALTH,100,0,126,29782,CELL,8,37701,477,37701,0,2026-03-23 15:06:59.900759
BASIC,0,866,100,46312,29,BMS_TEMP,180,48,24,22,203,STRINGS,37743,21,36771,11,21504,BATTERY_TEMP,24,1,22,111,23,26,52992,HEALTH,100,0,126,30039,CELL,18,37719,477,37718,0,2026-03-23 15:07:00.630687
BASIC,0,866,100,46312,29,BMS_TEMP,180,48,24,22,203,STRINGS,37744,21,36771,11,21760,BATTERY_TEMP,24,1,22,111,23,26,52992,HEALTH,100,0,126,30039,CELL,16,37736,477,37736,0,2026-03-23 15:07:00.837088
BASIC,0,866,100,46312,29,BMS_TEMP,180,48,24,22,203,STRINGS,37744,21,36772,11,22016,BATTERY_TEMP,24,1,22,111,23,26,52992,HEALTH,100,0,126,29782,CELL,21,37733,477,37733,0,2026-03-23 15:07:01.358652
BASIC,0,866,100,46312,29,BMS_TEMP,180,48,24,22,203,STRINGS,37743,21,36772,11,21760,BATTERY_TEMP,24,1,22,111,23,26,52992,HEALTH,100,0,126,30039,CELL,14,37735,477,37734,0,2026-03-23 15:07:01.501260
BASIC,0,866,100,46312,29,BMS_TEMP,180,48,24,22,203,STRINGS,37743,21,36772,11,21760,BATTERY_TEMP,24,1,22,111,23,26,52992,HEALTH,100,0,126,30039,CELL,16,37736,477,37736,0,2026-03-23 15:07:01.668522
BASIC,0,866,100,46312,29,BMS_TEMP,180,48,24,22,203,STRINGS,37743,21,36771,11,21504,BATTERY_TEMP,24,1,22,111,23,26,52992,HEALTH,100,0,126,30039,CELL,22,37734,477,37733,0,2026-03-23 15:07:02.085750
BASIC,0,866,100,46312,29,BMS_TEMP,180,48,24,22,203,STRINGS,37744,21,36772,11,22016,BATTERY_TEMP,24,1,22,111,23,26,52992,HEALTH,100,0,126,30039,CELL,13,37732,477,37731,0,2026-03-23 15:07:02.229194
BASIC,0,866,100,46312,29,BMS_TEMP,180,48,24,22,203,STRINGS,37742,21,36772,11,21504,BATTERY_TEMP,24,1,22,111,23,26,52992,HEALTH,100,0,126,30039,CELL,14,37735,477,37734,0,2026-03-23 15:07:02.396646
BASIC,0,866,100,46312,29,BMS_TEMP,180,48,24,22,203,STRINGS,37744,21,36772,11,22016,BATTERY_TEMP,24,1,22,111,23,26,52992,HEALTH,100,0,126,29782,CELL,21,37733,477,37733,0,2026-03-23 15:07:02.606411
BASIC,0,866,100,46312,29,BMS_TEMP,180,48,24,22,203,STRINGS,37743,21,36772,11,21760,BATTERY_TEMP,24,1,22,111,23,26,52992,HEALTH,100,0,126,30039,CELL,4,37681,477,37681,0,2026-03-23 15:07:02.749246
BASIC,0,866,100,46312,29,BMS_TEMP,180,48,24,22,203,STRINGS,37742,21,36771,11,21248,BATTERY_TEMP,24,1,22,111,23,26,52992,HEALTH,100,0,126,29782,CELL,6,37708,477,37708,0,2026-03-23 15:07:02.892592
BASIC,0,866,100,46312,29,BMS_TEMP,180,48,24,22,203,STRINGS,37744,21,36771,11,21760,BATTERY_TEMP,24,1,22,111,23,26,52992,HEALTH,100,0,126,29782,CELL,6,37708,477,37707,0,2026-03-23 15:07:03.334137
BASIC,0,866,100,46312,29,BMS_TEMP,180,48,24,22,203,STRINGS,37744,21,36772,11,22016,BATTERY_TEMP,24,1,22,111,23,26,52992,HEALTH,100,0,126,30039,CELL,1,37663,477,37663,0,2026-03-23 15:07:03.475532
BASIC,0,866,100,46312,29,BMS_TEMP,180,48,24,22,203,STRINGS,37744,21,36772,11,22016,BATTERY_TEMP,24,1,22,111,23,26,52992,HEALTH,100,0,126,30039,CELL,4,37681,477,37682,0,2026-03-23 15:07:03.854520
BASIC,0,866,100,46312,29,BMS_TEMP,180,48,24,22,203,STRINGS,37744,21,36772,11,22016,BATTERY_TEMP,24,1,22,111,23,26,52992,HEALTH,100,0,126,30039,CELL,17,37728,477,37729,0,2026-03-23 15:07:04.789528
BASIC,0,866,100,46312,29,BMS_TEMP,180,48,24,22,203,STRINGS,37743,21,36772,11,21760,BATTERY_TEMP,24,1,22,111,23,26,52992,HEALTH,100,0,126,29782,CELL,20,37743,477,37743,0,2026-03-23 15:07:04.933351
BASIC,0,866,100,46312,29,BMS_TEMP,180,48,24,22,203,STRINGS,37744,21,36771,11,21760,BATTERY_TEMP,24,1,22,111,23,26,52992,HEALTH,100,0,126,29782,CELL,0,37576,477,37576,0,2026-03-23 15:07:05.075247
BASIC,0,866,100,46312,29,BMS_TEMP,180,48,24,22,203,STRINGS,37744,21,36771,11,21760,BATTERY_TEMP,24,1,22,111,23,26,52992,HEALTH,100,0,126,29782,CELL,0,37578,477,37576,0,2026-03-23 15:07:05.725816
BASIC,0,866,100,46312,29,BMS_TEMP,180,48,24,22,203,STRINGS,37743,21,36772,11,21760,BATTERY_TEMP,24,1,22,111,23,26,52992,HEALTH,100,0,126,29782,CELL,2,37665,477,37664,0,2026-03-23 15:07:06.244254
BASIC,0,866,100,46312,29,BMS_TEMP,180,48,24,22,203,STRINGS,37743,21,36772,11,21760,BATTERY_TEMP,24,1,22,111,23,26,52992,HEALTH,100,0,126,30039,CELL,16,37736,477,37736,0,2026-03-23 15:07:06.387070
BASIC,0,866,100,46312,29,BMS_TEMP,180,48,24,22,203,STRINGS,37744,21,36771,11,21760,BATTERY_TEMP,24,1,22,111,23,26,52992,HEALTH,100,0,126,30039,CELL,20,37744,477,37743,0,2026-03-23 15:07:06.529331
BASIC,0,866,100,46312,29,BMS_TEMP,180,48,24,22,203,STRINGS,37742,21,36772,11,21504,BATTERY_TEMP,24,1,22,111,23,26,52992,HEALTH,100,0,126,29782,CELL,0,37577,477,37576,0,2026-03-23 15:07:07.182832
BASIC,0,866,100,46312,29,BMS_TEMP,180,48,24,22,203,STRINGS,37744,21,36772,11,22016,BATTERY_TEMP,24,1,22,111,23,26,52992,HEALTH,100,0,126,29782,CELL,21,37732,477,37732,0,2026-03-23 15:07:07.388804
BASIC,0,866,100,46312,29,BMS_TEMP,180,48,24,22,203,STRINGS,37742,21,36772,11,21504,BATTERY_TEMP,24,1,22,111,23,26,52992,HEALTH,100,0,126,30039,CELL,4,37682,477,37681,0,2026-03-23 15:07:07.909590
BASIC,0,866,100,46312,29,BMS_TEMP,180,48,24,22,203,STRINGS,37743,21,36772,11,21760,BATTERY_TEMP,24,1,22,111,23,26,52992,HEALTH,100,0,126,30039,CELL,19,37728,477,37728,0,2026-03-23 15:07:08.638542
BASIC,0,866,100,46312,29,BMS_TEMP,180,48,24,22,203,STRINGS,37744,21,36772,11,22016,BATTERY_TEMP,24,1,22,111,23,26,52992,HEALTH,100,0,126,30039,CELL,17,37729,477,37728,0,2026-03-23 15:07:09.156533
BASIC,0,866,100,46312,29,BMS_TEMP,180,48,24,22,203,STRINGS,37743,21,36772,11,21760,BATTERY_TEMP,24,1,22,111,23,26,52992,HEALTH,100,0,126,29782,CELL,9,37707,477,37706,0,2026-03-23 15:07:09.364255
BASIC,0,866,100,46312,29,BMS_TEMP,180,48,24,22,203,STRINGS,37745,21,36772,11,22272,BATTERY_TEMP,24,1,22,111,23,26,52992,HEALTH,100,0,126,30039,CELL,15,37739,477,37739,0,2026-03-23 15:07:09.989616
BASIC,0,866,100,46312,29,BMS_TEMP,180,48,24,22,203,STRINGS,37742,21,36771,11,21248,BATTERY_TEMP,24,1,22,111,23,26,52992,HEALTH,100,0,126,29782,CELL,9,37707,477,37706,0,2026-03-23 15:07:10.132129
BASIC,0,866,100,46312,29,BMS_TEMP,180,48,24,22,203,STRINGS,37744,21,36772,11,22016,BATTERY_TEMP,24,1,22,111,23,26,52992,HEALTH,100,0,126,29782,CELL,12,37728,477,37728,0,2026-03-23 15:07:10.614512
BASIC,0,866,100,46312,29,BMS_TEMP,180,48,24,22,203,STRINGS,37744,21,36772,11,22016,BATTERY_TEMP,24,1,22,111,23,26,52992,HEALTH,100,0,126,30039,CELL,5,37711,477,37711,0,2026-03-23 15:07:10.821890
BASIC,0,866,100,46312,29,BMS_TEMP,180,48,24,22,203,STRINGS,37743,21,36772,11,21760,BATTERY_TEMP,24,1,22,111,23,26,52992,HEALTH,100,0,126,30039,CELL,11,37732,477,37733,0,2026-03-23 15:07:11.028308
BASIC,0,866,100,46312,29,BMS_TEMP,180,48,24,22,203,STRINGS,37743,21,36772,11,21760,BATTERY_TEMP,24,1,22,111,23,26,52992,HEALTH,100,0,126,30039,CELL,16,37735,477,37735,0,2026-03-23 15:07:11.550176
BASIC,0,866,100,46312,29,BMS_TEMP,180,48,24,22,203,STRINGS,37743,21,36772,11,21760,BATTERY_TEMP,24,1,22,111,23,26,52992,HEALTH,100,0,126,30039,CELL,9,37707,477,37707,0,2026-03-23 15:07:12.172759
BASIC,0,866,100,46312,29,BMS_TEMP,180,48,24,22,203,STRINGS,37744,21,36772,11,22016,BATTERY_TEMP,24,1,22,111,23,26,52992,HEALTH,100,0,126,30039,CELL,4,37681,477,37682,0,2026-03-23 15:07:12.317657
BASIC,0,866,100,46312,29,BMS_TEMP,180,48,24,22,203,STRINGS,37743,21,36772,11,21760,BATTERY_TEMP,24,1,22,111,23,26,52992,HEALTH,100,0,126,30039,CELL,7,37712,477,37710,0,2026-03-23 15:07:12.590209
BASIC,0,866,100,46312,29,BMS_TEMP,180,48,24,22,203,STRINGS,37744,21,36771,11,21760,BATTERY_TEMP,24,1,22,111,23,26,52992,HEALTH,100,0,126,30039,CELL,15,37739,477,37739,0,2026-03-23 15:07:12.796091
BASIC,0,866,100,46312,29,BMS_TEMP,180,48,24,22,203,STRINGS,37744,21,36772,11,22016,BATTERY_TEMP,24,1,22,111,23,26,52992,HEALTH,100,0,126,30039,CELL,21,37733,477,37733,0,2026-03-23 15:07:13.005453
BASIC,0,866,100,46312,29,BMS_TEMP,180,48,24,22,203,STRINGS,37743,21,36772,11,21760,BATTERY_TEMP,24,1,22,111,23,26,52992,HEALTH,100,0,126,29782,CELL,5,37711,477,37711,0,2026-03-23 15:07:13.147242
BASIC,0,866,100,46312,29,BMS_TEMP,180,48,24,22,203,STRINGS,37744,21,36772,11,22016,BATTERY_TEMP,24,1,22,111,23,26,52992,HEALTH,100,0,126,29782,CELL,7,37711,477,37711,0,2026-03-23 15:07:13.526869
BASIC,0,866,100,46312,29,BMS_TEMP,180,48,24,22,203,STRINGS,37743,21,36772,11,21760,BATTERY_TEMP,24,1,22,111,23,26,52992,HEALTH,100,0,126,29782,CELL,19,37728,477,37729,0,2026-03-23 15:07:13.668322
BASIC,0,866,100,46312,29,BMS_TEMP,180,48,24,22,203,STRINGS,37744,21,36772,11,22016,BATTERY_TEMP,24,1,22,111,23,26,52992,HEALTH,100,0,126,30039,CELL,22,37734,477,37734,0,2026-03-23 15:07:13.809173
BASIC,0,866,100,46312,29,BMS_TEMP,180,48,24,22,203,STRINGS,37743,21,36772,11,21760,BATTERY_TEMP,24,1,22,111,23,26,52992,HEALTH,100,0,126,30039,CELL,22,37733,477,37734,0,2026-03-23 15:07:13.952533
BASIC,0,866,100,46312,29,BMS_TEMP,180,48,24,22,203,STRINGS,37744,21,36773,11,22272,BATTERY_TEMP,24,1,22,111,23,26,52992,HEALTH,100,0,126,30039,CELL,8,37701,477,37701,0,2026-03-23 15:07:14.461498
BASIC,0,866,100,46312,29,BMS_TEMP,180,48,24,22,203,STRINGS,37744,21,36772,11,22016,BATTERY_TEMP,24,1,22,111,23,26,52992,HEALTH,100,0,126,30039,CELL,1,37663,477,37662,0,2026-03-23 15:07:15.191655
BASIC,0,866,100,46312,29,BMS_TEMP,180,48,24,22,203,STRINGS,37743,21,36772,11,21760,BATTERY_TEMP,24,1,22,111,23,26,52992,HEALTH,100,0,126,30039,CELL,22,37733,477,37734,0,2026-03-23 15:07:15.709366
BASIC,0,866,100,46312,29,BMS_TEMP,180,48,24,22,203,STRINGS,37744,21,36772,11,22016,BATTERY_TEMP,24,1,22,111,23,26,52992,HEALTH,100,0,126,29782,CELL,13,37731,477,37731,0,2026-03-23 15:07:15.918484
BASIC,0,866,100,46312,29,BMS_TEMP,180,48,24,22,203,STRINGS,37743,21,36772,11,21760,BATTERY_TEMP,24,1,22,111,23,26,52992,HEALTH,100,0,126,29782,CELL,20,37743,477,37743,0,2026-03-23 15:07:16.646604
BASIC,0,866,100,46312,29,BMS_TEMP,180,48,24,22,203,STRINGS,37744,21,36772,11,22016,BATTERY_TEMP,24,1,22,111,23,26,52992,HEALTH,100,0,126,29782,CELL,18,37719,477,37719,0,2026-03-23 15:07:16.787516
BASIC,0,866,100,46312,29,BMS_TEMP,180,48,24,22,203,STRINGS,37744,21,36772,11,22016,BATTERY_TEMP,24,1,22,111,23,26,52992,HEALTH,100,0,126,29782,CELL,21,37734,477,37733,0,2026-03-23 15:07:17.060472
BASIC,0,866,100,46312,29,BMS_TEMP,180,48,24,22,203,STRINGS,37744,21,36771,11,21760,BATTERY_TEMP,24,1,22,111,23,26,52992,HEALTH,100,0,126,30039,CELL,6,37708,477,37707,0,2026-03-23 15:07:17.374776
BASIC,0,866,100,46312,29,BMS_TEMP,180,48,24,22,203,STRINGS,37743,21,36772,11,21760,BATTERY_TEMP,24,1,22,111,23,26,52992,HEALTH,100,0,126,30039,CELL,16,37736,477,37736,0,2026-03-23 15:07:18.101450
BASIC,0,866,100,46312,29,BMS_TEMP,180,48,24,22,203,STRINGS,37742,21,36772,11,21504,BATTERY_TEMP,24,1,22,111,23,26,52992,HEALTH,100,0,126,29782,CELL,14,37734,477,37734,0,2026-03-23 15:07:18.244084
BASIC,0,866,100,46312,29,BMS_TEMP,180,48,24,22,203,STRINGS,37743,21,36772,11,21760,BATTERY_TEMP,24,1,22,111,23,26,52992,HEALTH,100,0,126,30039,CELL,16,37735,477,37736,0,2026-03-23 15:07:18.934846
BASIC,0,866,100,46312,29,BMS_TEMP,180,48,24,22,203,STRINGS,37744,21,36772,11,22016,BATTERY_TEMP,24,1,22,111,23,26,52992,HEALTH,100,0,126,29782,CELL,14,37735,477,37733,0,2026-03-23 15:07:19.558309
BASIC,0,866,100,46312,29,BMS_TEMP,180,48,24,22,203,STRINGS,37743,21,36771,11,21504,BATTERY_TEMP,24,1,22,111,23,26,52992,HEALTH,100,0,126,30039,CELL,10,36771,477,36772,0,2026-03-23 15:07:19.766360
BASIC,0,866,100,46312,29,BMS_TEMP,180,48,24,22,203,STRINGS,37744,21,36772,11,22016,BATTERY_TEMP,24,1,22,111,23,26,52992,HEALTH,100,0,126,30039,CELL,15,37739,477,37739,0,2026-03-23 15:07:20.286259
BASIC,0,866,100,46312,29,BMS_TEMP,180,48,24,22,203,STRINGS,37744,21,36772,11,22016,BATTERY_TEMP,24,1,22,111,23,26,52992,HEALTH,100,0,126,30039,CELL,7,37710,477,37710,0,2026-03-23 15:07:20.806422
BASIC,0,866,100,46312,29,BMS_TEMP,180,48,24,22,203,STRINGS,37744,21,36773,11,22272,BATTERY_TEMP,24,1,22,111,23,26,52992,HEALTH,100,0,126,30039,CELL,22,37734,477,37734,0,2026-03-23 15:07:21.015581
BASIC,0,866,100,46312,29,BMS_TEMP,180,48,24,22,203,STRINGS,37743,21,36771,11,21504,BATTERY_TEMP,24,1,22,111,23,26,52992,HEALTH,100,0,126,30039,CELL,6,37708,477,37707,0,2026-03-23 15:07:21.742853
BASIC,0,866,100,46312,29,BMS_TEMP,180,48,24,22,203,STRINGS,37744,21,36772,11,22016,BATTERY_TEMP,24,1,22,111,23,26,52992,HEALTH,100,0,126,29782,CELL,4,37683,477,37682,0,2026-03-23 15:07:22.469696
BASIC,0,866,100,46312,29,BMS_TEMP,180,48,24,22,203,STRINGS,37743,21,36772,11,21760,BATTERY_TEMP,24,1,22,111,23,26,52992,HEALTH,100,0,126,29782,CELL,2,37663,477,37665,0,2026-03-23 15:07:23.198809
BASIC,0,866,100,46312,29,BMS_TEMP,180,48,24,22,203,STRINGS,37744,21,36772,11,22016,BATTERY_TEMP,24,1,22,111,23,26,52992,HEALTH,100,0,126,29782,CELL,0,37578,477,37576,0,2026-03-23 15:07:23.614700
BASIC,0,866,100,46312,29,BMS_TEMP,180,48,24,22,203,STRINGS,37744,21,36772,11,22016,BATTERY_TEMP,24,1,22,111,23,26,52992,HEALTH,100,0,126,29782,CELL,11,37733,477,37733,0,2026-03-23 15:07:24.028324
BASIC,0,866,100,46312,29,BMS_TEMP,180,48,24,22,203,STRINGS,37744,21,36773,11,22272,BATTERY_TEMP,24,1,22,111,23,26,52992,HEALTH,100,0,126,30039,CELL,1,37662,477,37663,0,2026-03-23 15:07:24.654939
BASIC,0,866,100,46312,29,BMS_TEMP,180,48,24,22,203,STRINGS,37744,21,36771,11,21760,BATTERY_TEMP,24,1,22,111,23,26,52992,HEALTH,100,0,126,30039,CELL,19,37729,477,37728,0,2026-03-23 15:07:24.797521
BASIC,0,866,100,46312,29,BMS_TEMP,180,48,24,22,203,STRINGS,37744,21,36772,11,22016,BATTERY_TEMP,24,1,22,111,23,26,52992,HEALTH,100,0,126,30039,CELL,22,37735,477,37735,0,2026-03-23 15:07:24.964725
BASIC,0,866,100,46312,29,BMS_TEMP,180,48,24,22,203,STRINGS,37744,21,36772,11,22016,BATTERY_TEMP,24,1,22,111,23,26,52992,HEALTH,100,0,126,30039,CELL,4,37681,477,37682,0,2026-03-23 15:07:25.381485
BASIC,0,866,100,46312,29,BMS_TEMP,180,48,24,22,203,STRINGS,37744,21,36772,11,22016,BATTERY_TEMP,24,1,22,111,23,26,52992,HEALTH,100,0,126,30039,CELL,17,37729,477,37729,0,2026-03-23 15:07:26.110560
BASIC,0,866,100,46312,29,BMS_TEMP,180,48,24,22,203,STRINGS,37744,21,36771,11,21760,BATTERY_TEMP,24,1,22,111,23,26,52992,HEALTH,100,0,126,30039,CELL,15,37739,477,37739,0,2026-03-23 15:07:26.525636
BASIC,0,866,100,46312,29,BMS_TEMP,180,48,24,22,203,STRINGS,37744,21,36772,11,22016,BATTERY_TEMP,24,1,22,111,23,26,52992,HEALTH,100,0,126,29782,CELL,3,37719,477,37718,0,2026-03-23 15:07:27.564774
BASIC,0,866,100,46312,29,BMS_TEMP,180,48,24,22,203,STRINGS,37743,21,36773,11,22016,BATTERY_TEMP,24,1,22,111,23,26,52992,HEALTH,100,0,126,30039,CELL,11,37733,477,37733,0,2026-03-23 15:07:28.292819
BASIC,0,866,100,46312,29,BMS_TEMP,180,48,24,22,203,STRINGS,37744,21,36772,11,22016,BATTERY_TEMP,24,1,22,111,23,26,52992,HEALTH,100,0,126,30039,CELL,9,37707,477,37707,0,2026-03-23 15:07:29.020551
BASIC,0,866,100,46312,29,BMS_TEMP,180,48,24,22,203,STRINGS,37743,21,36771,11,21504,BATTERY_TEMP,24,1,22,111,23,26,52992,HEALTH,100,0,126,30039,CELL,7,37710,477,37710,0,2026-03-23 15:07:29.164024
BASIC,0,866,100,46312,29,BMS_TEMP,180,48,24,22,203,STRINGS,37742,21,36772,11,21504,BATTERY_TEMP,24,1,22,111,23,26,52992,HEALTH,100,0,126,30039,CELL,10,36771,477,36772,0,2026-03-23 15:07:29.332328
BASIC,0,866,100,46312,29,BMS_TEMP,180,48,24,22,203,STRINGS,37744,21,36772,11,22016,BATTERY_TEMP,24,1,22,111,23,26,52992,HEALTH,100,0,126,29782,CELL,15,37740,477,37740,0,2026-03-23 15:07:29.750585
BASIC,0,866,100,46312,29,BMS_TEMP,180,48,24,22,203,STRINGS,37744,21,36771,11,21760,BATTERY_TEMP,24,1,22,111,23,26,52992,HEALTH,100,0,126,30039,CELL,5,37711,477,37710,0,2026-03-23 15:07:30.165932
BASIC,0,866,100,46312,29,BMS_TEMP,180,48,24,22,203,STRINGS,37743,21,36771,11,21504,BATTERY_TEMP,24,1,22,111,23,26,52992,HEALTH,100,0,126,30039,CELL,16,37735,477,37736,0,2026-03-23 15:07:30.478529
BASIC,0,866,100,46312,29,BMS_TEMP,180,48,24,22,203,STRINGS,37744,21,36772,11,22016,BATTERY_TEMP,24,1,22,111,23,26,52992,HEALTH,100,0,126,30039,CELL,3,37719,477,37719,0,2026-03-23 15:07:31.206480
BASIC,0,866,100,46312,29,BMS_TEMP,180,48,24,22,203,STRINGS,37744,21,36772,11,22016,BATTERY_TEMP,24,1,22,111,23,26,52992,HEALTH,100,0,126,29782,CELL,1,37663,477,37662,0,2026-03-23 15:07:31.934445
BASIC,0,866,100,46312,29,BMS_TEMP,180,48,24,22,203,STRINGS,37743,21,36773,11,22016,BATTERY_TEMP,24,1,22,111,23,26,52992,HEALTH,100,0,126,30039,CELL,22,37734,477,37734,0,2026-03-23 15:07:32.660520
BASIC,0,866,100,46312,29,BMS_TEMP,180,48,24,22,203,STRINGS,37743,21,36771,11,21504,BATTERY_TEMP,24,1,22,111,23,26,52992,HEALTH,100,0,126,30039,CELL,20,37743,477,37743,0,2026-03-23 15:07:33.391858
BASIC,0,866,100,46312,29,BMS_TEMP,180,48,24,22,203,STRINGS,37742,21,36771,11,21248,BATTERY_TEMP,24,1,22,111,23,26,52992,HEALTH,100,0,126,30039,CELL,18,37719,477,37718,0,2026-03-23 15:07:34.117493
BASIC,0,866,100,46312,29,BMS_TEMP,180,48,24,22,203,STRINGS,37745,21,36772,11,22272,BATTERY_TEMP,24,1,22,111,23,26,52992,HEALTH,100,0,126,29782,CELL,16,37736,477,37735,0,2026-03-23 15:07:34.428020
BASIC,0,866,100,46312,29,BMS_TEMP,180,48,24,22,203,STRINGS,37744,21,36772,11,22016,BATTERY_TEMP,24,1,22,111,23,26,52992,HEALTH,100,0,126,29782,CELL,2,37665,477,37664,0,2026-03-23 15:07:34.844236
BASIC,0,866,100,46312,29,BMS_TEMP,180,48,24,22,203,STRINGS,37742,21,36772,11,21504,BATTERY_TEMP,24,1,22,111,23,26,52992,HEALTH,100,0,126,29782,CELL,14,37735,477,37734,0,2026-03-23 15:07:35.052245
BASIC,0,866,100,46312,29,BMS_TEMP,180,48,24,22,203,STRINGS,37743,21,36771,11,21504,BATTERY_TEMP,24,1,22,111,23,26,52992,HEALTH,100,0,126,30039,CELL,20,37743,477,37743,0,2026-03-23 15:07:35.573307
BASIC,0,866,100,46312,29,BMS_TEMP,180,48,24,22,203,STRINGS,37743,21,36772,11,21760,BATTERY_TEMP,24,1,22,111,23,26,52992,HEALTH,100,0,126,30039,CELL,12,37728,477,37728,0,2026-03-23 15:07:36.302315
BASIC,0,866,100,46312,29,BMS_TEMP,180,48,24,22,203,STRINGS,37745,21,36771,11,22016,BATTERY_TEMP,24,1,22,111,23,26,52992,HEALTH,100,0,126,30039,CELL,10,36771,477,36772,0,2026-03-23 15:07:37.028306
BASIC,0,866,100,46312,29,BMS_TEMP,180,48,24,22,203,STRINGS,37742,21,36772,11,21504,BATTERY_TEMP,24,1,22,111,23,26,52992,HEALTH,100,0,126,30039,CELL,8,37702,477,37701,0,2026-03-23 15:07:37.756214
BASIC,0,866,100,46312,29,BMS_TEMP,180,48,24,22,203,STRINGS,37743,21,36772,11,21760,BATTERY_TEMP,24,1,22,111,23,26,52992,HEALTH,100,0,126,30039,CELL,6,37708,477,37708,0,2026-03-23 15:07:39.212447
BASIC,0,866,100,46312,29,BMS_TEMP,180,48,24,22,203,STRINGS,37744,21,36771,11,21760,BATTERY_TEMP,24,1,22,111,23,26,52992,HEALTH,100,0,126,29782,CELL,2,37665,477,37664,0,2026-03-23 15:07:39.943581
BASIC,0,866,100,46312,29,BMS_TEMP,180,48,24,22,203,STRINGS,37743,21,36772,11,21760,BATTERY_TEMP,24,1,22,111,23,26,52992,HEALTH,100,0,126,29782,CELL,0,37576,477,37576,0,2026-03-23 15:07:40.669920
BASIC,0,866,100,46312,29,BMS_TEMP,180,48,24,22,203,STRINGS,37742,21,36772,11,21504,BATTERY_TEMP,24,1,22,111,23,26,52992,HEALTH,100,0,126,30039,CELL,21,37731,477,37733,0,2026-03-23 15:07:41.397663
BASIC,0,866,100,46312,29,BMS_TEMP,180,48,24,22,203,STRINGS,37743,21,36772,11,21760,BATTERY_TEMP,24,1,22,111,23,26,52992,HEALTH,100,0,126,30039,CELL,19,37730,477,37728,0,2026-03-23 15:07:42.125369
BASIC,0,866,100,46312,29,BMS_TEMP,180,48,24,22,203,STRINGS,37743,21,36771,11,21504,BATTERY_TEMP,24,1,22,111,23,26,52992,HEALTH,100,0,126,30039,CELL,16,37736,477,37735,0,2026-03-23 15:07:42.853423
BASIC,0,866,100,46312,29,BMS_TEMP,180,48,24,22,203,STRINGS,37744,21,36772,11,22016,BATTERY_TEMP,24,1,22,111,23,26,52992,HEALTH,100,0,126,29782,CELL,15,37740,477,37739,0,2026-03-23 15:07:43.582427
BASIC,0,866,100,46312,29,BMS_TEMP,180,48,24,22,203,STRINGS,37743,21,36772,11,21760,BATTERY_TEMP,24,1,22,111,23,26,52992,HEALTH,100,0,126,30039,CELL,13,37732,477,37731,0,2026-03-23 15:07:44.310294
BASIC,0,866,100,46312,29,BMS_TEMP,180,48,24,22,203,STRINGS,37743,21,36772,11,21760,BATTERY_TEMP,24,1,22,111,23,26,52992,HEALTH,100,0,126,29782,CELL,11,37734,477,37733,0,2026-03-23 15:07:44.830217
BASIC,0,866,100,46312,29,BMS_TEMP,180,48,24,22,203,STRINGS,37744,21,36772,11,22016,BATTERY_TEMP,24,1,22,111,23,26,52992,HEALTH,100,0,126,29782,CELL,3,37719,477,37719,0,2026-03-23 15:07:45.036692
BASIC,0,866,100,46312,29,BMS_TEMP,180,48,24,22,203,STRINGS,37744,21,36772,11,22016,BATTERY_TEMP,24,1,22,111,23,26,52992,HEALTH,100,0,126,30039,CELL,9,37707,477,37707,0,2026-03-23 15:07:45.556582
BASIC,0,866,100,46312,29,BMS_TEMP,180,48,24,22,203,STRINGS,37744,21,36771,11,21760,BATTERY_TEMP,24,1,22,111,23,26,52992,HEALTH,100,0,126,30039,CELL,1,37663,477,37662,0,2026-03-23 15:07:45.767569
BASIC,0,866,100,46312,29,BMS_TEMP,180,48,24,22,203,STRINGS,37743,21,36772,11,21760,BATTERY_TEMP,24,1,22,111,23,26,52992,HEALTH,100,0,126,30039,CELL,7,37710,477,37711,0,2026-03-23 15:07:45.908203
BASIC,0,866,100,46312,29,BMS_TEMP,180,48,24,22,203,STRINGS,37742,21,36772,11,21504,BATTERY_TEMP,24,1,22,111,23,26,52992,HEALTH,100,0,126,30039,CELL,10,36771,477,36772,0,2026-03-23 15:07:46.494441
BASIC,0,866,100,46312,29,BMS_TEMP,180,48,24,22,203,STRINGS,37743,21,36772,11,21760,BATTERY_TEMP,24,1,22,111,23,26,52992,HEALTH,100,0,126,29782,CELL,5,37710,477,37710,0,2026-03-23 15:07:46.635310
BASIC,0,866,100,46312,29,BMS_TEMP,180,48,24,22,203,STRINGS,37745,21,36772,11,22272,BATTERY_TEMP,24,1,22,111,23,26,52992,HEALTH,100,0,126,30039,CELL,8,37702,477,37701,0,2026-03-23 15:07:47.222597
BASIC,0,866,100,46312,29,BMS_TEMP,180,48,24,22,203,STRINGS,37744,21,36772,11,22016,BATTERY_TEMP,24,1,22,111,23,26,52992,HEALTH,100,0,126,29782,CELL,3,37719,477,37719,0,2026-03-23 15:07:47.430529
BASIC,0,866,100,46312,29,BMS_TEMP,180,48,24,22,203,STRINGS,37743,21,36772,11,21760,BATTERY_TEMP,24,1,22,111,23,26,52992,HEALTH,100,0,126,30039,CELL,9,37707,477,37707,0,2026-03-23 15:07:47.950560
BASIC,0,866,100,46312,29,BMS_TEMP,180,48,24,22,203,STRINGS,37743,21,36772,11,21760,BATTERY_TEMP,24,1,22,111,23,26,52992,HEALTH,100,0,126,29782,CELL,1,37662,477,37662,0,2026-03-23 15:07:48.470694
BASIC,0,866,100,46312,29,BMS_TEMP,180,48,24,22,203,STRINGS,37742,21,36772,11,21504,BATTERY_TEMP,24,1,22,111,23,26,52992,HEALTH,100,0,126,29782,CELL,16,37736,477,37736,0,2026-03-23 15:07:48.677641
BASIC,0,866,100,46312,29,BMS_TEMP,180,48,24,22,203,STRINGS,37743,21,36772,11,21760,BATTERY_TEMP,24,1,22,111,23,26,52992,HEALTH,100,0,126,30039,CELL,22,37733,477,37734,0,2026-03-23 15:07:48.819118
BASIC,0,866,100,46312,29,BMS_TEMP,180,48,24,22,203,STRINGS,37743,21,36771,11,21504,BATTERY_TEMP,24,1,22,111,23,26,52992,HEALTH,100,0,126,30039,CELL,2,37665,477,37664,0,2026-03-23 15:07:49.301231
BASIC,0,866,100,46312,29,BMS_TEMP,180,48,24,22,203,STRINGS,37744,21,36772,11,22016,BATTERY_TEMP,24,1,22,111,23,26,52992,HEALTH,100,0,126,29782,CELL,16,37737,477,37735,0,2026-03-23 15:07:49.443205
BASIC,0,866,100,46312,29,BMS_TEMP,180,48,24,22,203,STRINGS,37744,21,36772,11,22016,BATTERY_TEMP,24,1,22,111,23,26,52992,HEALTH,100,0,126,30039,CELL,6,37708,477,37708,0,2026-03-23 15:07:49.612371
BASIC,0,866,100,46312,29,BMS_TEMP,180,48,24,22,203,STRINGS,37743,21,36772,11,21760,BATTERY_TEMP,24,1,22,111,23,26,52992,HEALTH,100,0,126,29782,CELL,3,37719,477,37719,0,2026-03-23 15:07:49.926881
BASIC,0,866,100,46312,29,BMS_TEMP,180,48,24,22,203,STRINGS,37744,21,36772,11,22016,BATTERY_TEMP,24,1,22,111,23,26,52992,HEALTH,100,0,126,29782,CELL,12,37729,477,37729,0,2026-03-23 15:07:50.134739
BASIC,0,866,100,46312,29,BMS_TEMP,180,48,24,22,203,STRINGS,37744,21,36771,11,21760,BATTERY_TEMP,24,1,22,111,23,26,52992,HEALTH,100,0,126,29782,CELL,21,37733,477,37733,0,2026-03-23 15:07:50.418870
BASIC,0,866,100,46312,29,BMS_TEMP,180,48,24,22,203,STRINGS,37744,21,36772,11,22016,BATTERY_TEMP,24,1,22,111,23,26,52992,HEALTH,100,0,126,30039,CELL,1,37662,477,37662,0,2026-03-23 15:07:50.654011
BASIC,0,866,100,46312,29,BMS_TEMP,180,48,24,22,203,STRINGS,37745,21,36771,11,22016,BATTERY_TEMP,24,1,22,111,23,26,52992,HEALTH,100,0,126,30039,CELL,10,36771,477,36772,0,2026-03-23 15:07:50.863090
BASIC,0,866,100,46312,29,BMS_TEMP,180,48,24,22,203,STRINGS,37744,21,36771,11,21760,BATTERY_TEMP,24,1,22,111,23,26,52992,HEALTH,100,0,126,30039,CELL,16,37736,477,37735,0,2026-03-23 15:07:51.174503
BASIC,0,866,100,46312,29,BMS_TEMP,180,48,24,22,203,STRINGS,37744,21,36771,11,21760,BATTERY_TEMP,24,1,22,111,23,26,52992,HEALTH,100,0,126,30039,CELL,2,37664,477,37663,0,2026-03-23 15:07:51.591101
BASIC,0,866,100,46312,29,BMS_TEMP,180,48,24,22,203,STRINGS,37744,21,36772,11,22016,BATTERY_TEMP,24,1,22,111,23,26,52992,HEALTH,100,0,126,30039,CELL,14,37733,477,37734,0,2026-03-23 15:07:51.798093
BASIC,0,866,100,46312,29,BMS_TEMP,180,48,24,22,203,STRINGS,37743,21,36772,11,21760,BATTERY_TEMP,24,1,22,111,23,26,52992,HEALTH,100,0,126,29782,CELL,20,37743,477,37743,0,2026-03-23 15:07:51.939493
BASIC,0,866,100,46312,29,BMS_TEMP,180,48,24,22,203,STRINGS,37743,21,36772,11,21760,BATTERY_TEMP,24,1,22,111,23,26,52992,HEALTH,100,0,126,29782,CELL,11,37734,477,37733,0,2026-03-23 15:07:52.318163
BASIC,0,866,100,46312,29,BMS_TEMP,180,48,24,22,203,STRINGS,37744,21,36772,11,22016,BATTERY_TEMP,24,1,22,111,23,26,52992,HEALTH,100,0,126,29782,CELL,12,37728,477,37729,0,2026-03-23 15:07:52.459132
BASIC,0,866,100,46312,29,BMS_TEMP,180,48,24,22,203,STRINGS,37743,21,36772,11,21760,BATTERY_TEMP,24,1,22,111,23,26,52992,HEALTH,100,0,126,29782,CELL,15,37740,477,37740,0,2026-03-23 15:07:52.734908
BASIC,0,866,100,46312,29,BMS_TEMP,180,48,24,22,203,STRINGS,37743,21,36772,11,21760,BATTERY_TEMP,24,1,22,111,23,26,52992,HEALTH,100,0,126,30039,CELL,1,37663,477,37662,0,2026-03-23 15:07:52.942337
BASIC,0,866,100,46312,29,BMS_TEMP,180,48,24,22,203,STRINGS,37743,21,36771,11,21504,BATTERY_TEMP,24,1,22,111,23,26,52992,HEALTH,100,0,126,30039,CELL,7,37710,477,37710,0,2026-03-23 15:07:53.083606
BASIC,0,866,100,46312,29,BMS_TEMP,180,48,24,22,203,STRINGS,37742,21,36773,11,21760,BATTERY_TEMP,24,1,22,111,23,26,52992,HEALTH,100,0,126,30039,CELL,9,37708,477,37707,0,2026-03-23 15:07:53.252434
BASIC,0,866,100,46312,29,BMS_TEMP,180,48,24,22,203,STRINGS,37743,21,36772,11,21760,BATTERY_TEMP,24,1,22,111,23,26,52992,HEALTH,100,0,126,30039,CELL,16,37735,477,37736,0,2026-03-23 15:07:53.397207
BASIC,0,866,100,46312,29,BMS_TEMP,180,48,24,22,203,STRINGS,37743,21,36772,11,21760,BATTERY_TEMP,24,1,22,111,23,26,52992,HEALTH,100,0,126,29782,CELL,19,37727,477,37728,0,2026-03-23 15:07:53.564454
BASIC,0,866,100,46312,29,BMS_TEMP,180,48,24,22,203,STRINGS,37744,21,36772,11,22016,BATTERY_TEMP,24,1,22,111,23,26,52992,HEALTH,100,0,126,30039,CELL,2,37664,477,37664,0,2026-03-23 15:07:53.708664
BASIC,0,866,100,46312,29,BMS_TEMP,180,48,24,22,203,STRINGS,37743,21,36771,11,21504,BATTERY_TEMP,24,1,22,111,23,26,52992,HEALTH,100,0,126,29782,CELL,5,37710,477,37711,0,2026-03-23 15:07:53.850288
BASIC,0,866,100,46312,29,BMS_TEMP,180,48,24,22,203,STRINGS,37743,21,36771,11,21504,BATTERY_TEMP,24,1,22,111,23,26,52992,HEALTH,100,0,126,30039,CELL,4,37682,477,37682,0,2026-03-23 15:07:53.993426
BASIC,0,866,100,46312,29,BMS_TEMP,180,48,24,22,203,STRINGS,37743,21,36772,11,21760,BATTERY_TEMP,24,1,22,111,23,26,52992,HEALTH,100,0,126,29782,CELL,14,37735,477,37735,0,2026-03-23 15:07:54.295355
BASIC,0,866,100,46312,29,BMS_TEMP,180,48,24,22,203,STRINGS,37744,21,36772,11,22016,BATTERY_TEMP,24,1,22,111,23,26,52992,HEALTH,100,0,126,29782,CELL,0,37576,477,37577,0,2026-03-23 15:07:54.434998
BASIC,0,866,100,46312,29,BMS_TEMP,180,48,24,22,203,STRINGS,37743,21,36773,11,22016,BATTERY_TEMP,24,1,22,111,23,26,52992,HEALTH,100,0,126,30039,CELL,3,37719,477,37719,0,2026-03-23 15:07:54.578761
BASIC,0,866,100,46312,29,BMS_TEMP,180,48,24,22,203,STRINGS,37744,21,36773,11,22272,BATTERY_TEMP,24,1,22,111,23,26,52992,HEALTH,100,0,126,30039,CELL,2,37665,477,37664,0,2026-03-23 15:07:54.721502
BASIC,0,866,100,46312,29,BMS_TEMP,180,48,24,22,203,STRINGS,37744,21,36772,11,22016,BATTERY_TEMP,24,1,22,111,23,26,52992,HEALTH,100,0,126,29782,CELL,12,37728,477,37728,0,2026-03-23 15:07:54.918346
BASIC,0,866,100,46312,29,BMS_TEMP,180,48,24,22,203,STRINGS,37744,21,36771,11,21760,BATTERY_TEMP,24,1,22,111,23,26,52992,HEALTH,100,0,126,30039,CELL,18,37720,477,37719,0,2026-03-23 15:07:55.124444
BASIC,0,866,100,46312,29,BMS_TEMP,180,48,24,22,203,STRINGS,37743,21,36773,11,22016,BATTERY_TEMP,24,1,22,111,23,26,52992,HEALTH,100,0,126,30039,CELL,1,37663,477,37662,0,2026-03-23 15:07:55.267589
BASIC,0,866,100,46312,29,BMS_TEMP,180,48,24,22,203,STRINGS,37743,21,36771,11,21504,BATTERY_TEMP,24,1,22,111,23,26,52992,HEALTH,100,0,126,29782,CELL,3,37720,477,37719,0,2026-03-23 15:07:55.437552
BASIC,0,866,100,46312,29,BMS_TEMP,180,48,24,22,203,STRINGS,37744,21,36771,11,21760,BATTERY_TEMP,24,1,22,111,23,26,52992,HEALTH,100,0,126,30039,CELL,10,36771,477,36771,0,2026-03-23 15:07:55.646810
BASIC,0,866,100,46312,29,BMS_TEMP,180,48,24,22,203,STRINGS,37743,21,36773,11,22016,BATTERY_TEMP,24,1,22,111,23,26,52992,HEALTH,100,0,126,29782,CELL,16,37735,477,37735,0,2026-03-23 15:07:55.956972
BASIC,0,866,100,46312,29,BMS_TEMP,180,48,24,22,203,STRINGS,37743,21,36772,11,21760,BATTERY_TEMP,24,1,22,111,23,26,52992,HEALTH,100,0,126,30039,CELL,2,37665,477,37664,0,2026-03-23 15:07:56.270702
BASIC,0,866,100,46312,29,BMS_TEMP,180,48,24,22,203,STRINGS,37742,21,36772,11,21504,BATTERY_TEMP,24,1,22,111,23,26,52992,HEALTH,100,0,126,30039,CELL,11,37734,477,37733,0,2026-03-23 15:07:56.412427
BASIC,0,866,100,46312,29,BMS_TEMP,180,48,24,22,203,STRINGS,37743,21,36772,11,21760,BATTERY_TEMP,24,1,22,111,23,26,52992,HEALTH,100,0,126,29782,CELL,14,37736,477,37734,0,2026-03-23 15:07:56.686161
BASIC,0,866,100,46312,29,BMS_TEMP,180,48,24,22,203,STRINGS,37743,21,36772,11,21760,BATTERY_TEMP,24,1,22,111,23,26,52992,HEALTH,100,0,126,30039,CELL,1,37663,477,37663,0,2026-03-23 15:07:56.894541
BASIC,0,866,100,46312,29,BMS_TEMP,180,48,24,22,203,STRINGS,37744,21,36772,11,22016,BATTERY_TEMP,24,1,22,111,23,26,52992,HEALTH,100,0,126,30039,CELL,6,37708,477,37707,0,2026-03-23 15:07:57.309125
BASIC,0,866,100,46312,29,BMS_TEMP,180,48,24,22,203,STRINGS,37742,21,36772,11,21504,BATTERY_TEMP,24,1,22,111,23,26,52992,HEALTH,100,0,126,29782,CELL,18,37718,477,37718,0,2026-03-23 15:07:57.453928
BASIC,0,866,100,46312,29,BMS_TEMP,180,48,24,22,203,STRINGS,37742,21,36772,11,21504,BATTERY_TEMP,24,1,22,111,23,26,52992,HEALTH,100,0,126,29782,CELL,21,37733,477,37733,0,2026-03-23 15:07:58.142027
BASIC,0,866,100,46312,29,BMS_TEMP,180,48,24,22,203,STRINGS,37743,21,36771,11,21504,BATTERY_TEMP,24,1,22,111,23,26,52992,HEALTH,100,0,126,30039,CELL,19,37728,477,37728,0,2026-03-23 15:07:58.454970
BASIC,0,866,100,46312,29,BMS_TEMP,180,48,24,22,203,STRINGS,37744,21,36772,11,22016,BATTERY_TEMP,24,1,22,111,23,26,52992,HEALTH,100,0,126,30039,CELL,5,37711,477,37711,0,2026-03-23 15:07:58.595901
BASIC,0,866,100,46312,29,BMS_TEMP,180,48,24,22,203,STRINGS,37743,21,36772,11,21760,BATTERY_TEMP,24,1,22,111,23,26,52992,HEALTH,100,0,126,30039,CELL,8,37702,477,37701,0,2026-03-23 15:07:58.870181
BASIC,0,866,100,46312,29,BMS_TEMP,180,48,24,22,203,STRINGS,37744,21,36772,11,22016,BATTERY_TEMP,24,1,22,111,23,26,52992,HEALTH,100,0,126,30039,CELL,16,37735,477,37735,0,2026-03-23 15:07:59.492214
BASIC,0,866,100,46312,29,BMS_TEMP,180,48,24,22,203,STRINGS,37743,21,36771,11,21504,BATTERY_TEMP,24,1,22,111,23,26,52992,HEALTH,100,0,126,30039,CELL,12,37728,477,37728,0,2026-03-23 15:07:59.636208
BASIC,0,866,100,46312,29,BMS_TEMP,180,48,24,22,203,STRINGS,37743,21,36772,11,21760,BATTERY_TEMP,24,1,22,111,23,26,52992,HEALTH,100,0,126,30039,CELL,15,37739,477,37739,0,2026-03-23 15:07:59.778195
BASIC,0,866,100,46312,29,BMS_TEMP,180,48,24,22,203,STRINGS,37742,21,36772,11,21504,BATTERY_TEMP,24,1,22,111,23,26,52992,HEALTH,100,0,126,29782,CELL,17,37728,477,37728,0,2026-03-23 15:08:00.012527
BASIC,0,866,100,46312,29,BMS_TEMP,180,48,24,22,203,STRINGS,37744,21,36772,11,22016,BATTERY_TEMP,24,1,22,111,23,26,52992,HEALTH,100,0,126,29782,CELL,4,37682,477,37682,0,2026-03-23 15:08:00.221707
BASIC,0,866,100,46312,29,BMS_TEMP,180,48,24,22,203,STRINGS,37743,21,36771,11,21504,BATTERY_TEMP,24,1,22,111,23,26,52992,HEALTH,100,0,126,29782,CELL,10,36771,477,36771,0,2026-03-23 15:08:00.365454
BASIC,0,866,100,46312,29,BMS_TEMP,180,48,24,22,203,STRINGS,37744,21,36771,11,21760,BATTERY_TEMP,24,1,22,111,23,26,52992,HEALTH,100,0,126,29782,CELL,13,37731,477,37731,0,2026-03-23 15:08:00.506529
BASIC,0,866,100,46312,29,BMS_TEMP,180,48,24,22,203,STRINGS,37744,21,36773,11,22272,BATTERY_TEMP,24,1,22,111,23,26,52992,HEALTH,100,0,126,30039,CELL,15,37740,477,37739,0,2026-03-23 15:08:00.742481
BASIC,0,866,100,46312,29,BMS_TEMP,180,48,24,22,203,STRINGS,37744,21,36772,11,22016,BATTERY_TEMP,24,1,22,111,23,26,52992,HEALTH,100,0,126,29782,CELL,1,37662,477,37663,0,2026-03-23 15:08:01.052533
BASIC,0,866,100,46312,29,BMS_TEMP,180,48,24,22,203,STRINGS,37743,21,36773,11,22016,BATTERY_TEMP,24,1,22,111,23,26,52992,HEALTH,100,0,126,30039,CELL,11,37733,477,37734,0,2026-03-23 15:08:01.195167
BASIC,0,866,100,46312,29,BMS_TEMP,180,48,24,22,203,STRINGS,37743,21,36772,11,21760,BATTERY_TEMP,24,1,22,111,23,26,52992,HEALTH,100,0,126,29782,CELL,14,37735,477,37734,0,2026-03-23 15:08:01.470613
BASIC,0,866,100,46312,29,BMS_TEMP,180,48,24,22,203,STRINGS,37743,21,36771,11,21504,BATTERY_TEMP,24,1,22,111,23,26,52992,HEALTH,100,0,126,29782,CELL,22,37734,477,37733,0,2026-03-23 15:08:01.782739
BASIC,0,866,100,46312,29,BMS_TEMP,180,48,24,22,203,STRINGS,37743,21,36771,11,21504,BATTERY_TEMP,24,1,22,111,23,26,52992,HEALTH,100,0,126,30039,CELL,8,37702,477,37701,0,2026-03-23 15:08:01.923259
BASIC,0,866,100,46312,29,BMS_TEMP,180,48,24,22,203,STRINGS,37744,21,36772,11,22016,BATTERY_TEMP,24,1,22,111,23,26,52992,HEALTH,100,0,126,30039,CELL,21,37733,477,37733,0,2026-03-23 15:08:02.300444
BASIC,0,866,100,46312,29,BMS_TEMP,180,48,24,22,203,STRINGS,37742,21,36771,11,21248,BATTERY_TEMP,24,1,22,111,23,26,52992,HEALTH,100,0,126,30039,CELL,0,37578,477,37576,0,2026-03-23 15:08:02.511266
BASIC,0,866,100,46312,29,BMS_TEMP,180,48,24,22,203,STRINGS,37745,21,36772,11,22272,BATTERY_TEMP,24,1,22,111,23,26,52992,HEALTH,100,0,126,30039,CELL,7,37710,477,37711,0,2026-03-23 15:08:03.236144
BASIC,0,866,100,46312,29,BMS_TEMP,180,48,24,22,203,STRINGS,37744,21,36772,11,22016,BATTERY_TEMP,24,1,22,111,23,26,52992,HEALTH,100,0,126,29268,CELL,5,37711,477,37709,0,2026-03-23 15:08:03.381206
BASIC,0,866,100,46312,29,BMS_TEMP,180,48,24,22,203,STRINGS,37744,21,36773,11,22272,BATTERY_TEMP,24,1,22,111,23,26,52992,HEALTH,100,0,126,29011,CELL,7,37710,477,37710,0,2026-03-23 15:08:03.548422
BASIC,0,866,100,46312,29,BMS_TEMP,180,48,24,22,203,STRINGS,37744,21,36773,11,22272,BATTERY_TEMP,24,1,22,111,23,26,52992,HEALTH,100,0,126,29011,CELL,13,37731,477,37731,0,2026-03-23 15:08:03.691015
BASIC,0,866,100,46312,29,BMS_TEMP,180,48,24,22,203,STRINGS,37742,21,36772,11,21504,BATTERY_TEMP,24,1,22,111,23,26,52992,HEALTH,100,0,126,29011,CELL,16,37735,477,37735,0,2026-03-23 15:08:03.834362
BASIC,0,866,100,46312,29,BMS_TEMP,180,48,24,22,203,STRINGS,37743,21,36771,11,21504,BATTERY_TEMP,24,1,22,111,23,26,52992,HEALTH,100,0,126,29525,CELL,19,37728,477,37728,0,2026-03-23 15:08:03.976845
BASIC,0,866,100,46312,29,BMS_TEMP,180,48,24,22,203,STRINGS,37743,21,36773,11,22016,BATTERY_TEMP,24,1,22,111,23,26,52992,HEALTH,100,0,126,29525,CELL,22,37733,477,37734,0,2026-03-23 15:08:04.277832
BASIC,0,866,100,46312,29,BMS_TEMP,180,48,24,22,203,STRINGS,37743,21,36772,11,21760,BATTERY_TEMP,24,1,22,111,23,26,52992,HEALTH,100,0,126,29525,CELL,11,37734,477,37734,0,2026-03-23 15:08:04.486452
BASIC,0,866,100,46312,29,BMS_TEMP,180,48,24,22,203,STRINGS,37742,21,36772,11,21504,BATTERY_TEMP,24,1,22,111,23,26,52992,HEALTH,100,0,126,29525,CELL,17,37729,477,37729,0,2026-03-23 15:08:04.694584
BASIC,0,866,100,46312,29,BMS_TEMP,180,48,24,22,203,STRINGS,37744,21,36772,11,22016,BATTERY_TEMP,24,1,22,111,23,26,52992,HEALTH,100,0,126,29525,CELL,1,37662,477,37663,0,2026-03-23 15:08:04.835368
BASIC,0,866,100,46312,29,BMS_TEMP,180,48,24,22,203,STRINGS,37744,21,36772,11,22016,BATTERY_TEMP,24,1,22,111,23,26,52992,HEALTH,100,0,126,29525,CELL,3,37719,477,37718,0,2026-03-23 15:08:04.978426
BASIC,0,866,100,46312,29,BMS_TEMP,180,48,24,22,203,STRINGS,37742,21,36772,11,21504,BATTERY_TEMP,24,1,22,111,23,26,52992,HEALTH,100,0,126,29525,CELL,6,37708,477,37707,0,2026-03-23 15:08:05.213903
BASIC,0,866,100,46312,29,BMS_TEMP,180,48,24,22,203,STRINGS,37743,21,36771,11,21504,BATTERY_TEMP,24,1,22,111,23,26,52992,HEALTH,100,0,126,29525,CELL,15,37739,477,37739,0,2026-03-23 15:08:05.421012
BASIC,0,866,100,46312,29,BMS_TEMP,180,48,24,22,203,STRINGS,37743,21,36772,11,21760,BATTERY_TEMP,24,1,22,111,23,26,52992,HEALTH,100,0,126,29268,CELL,22,37734,477,37735,0,2026-03-23 15:08:05.563569
BASIC,0,866,100,46312,29,BMS_TEMP,180,48,24,22,203,STRINGS,37742,21,36772,11,21504,BATTERY_TEMP,24,1,22,111,23,26,52992,HEALTH,100,0,126,29268,CELL,1,37663,477,37661,0,2026-03-23 15:08:05.706329
BASIC,0,866,100,46312,29,BMS_TEMP,180,48,24,22,203,STRINGS,37744,21,36773,11,22272,BATTERY_TEMP,24,1,22,111,23,26,52992,HEALTH,100,0,126,29011,CELL,4,37683,477,37681,0,2026-03-23 15:08:06.149133
BASIC,0,866,100,46312,29,BMS_TEMP,180,48,24,22,203,STRINGS,37744,21,36772,11,22016,BATTERY_TEMP,24,1,22,111,23,26,52992,HEALTH,100,0,126,29268,CELL,20,37744,477,37742,0,2026-03-23 15:08:06.291188
BASIC,0,866,100,46312,29,BMS_TEMP,180,48,24,22,203,STRINGS,37743,21,36772,11,21760,BATTERY_TEMP,24,1,22,111,23,26,52992,HEALTH,100,0,126,25670,CELL,22,37734,477,37734,0,2026-03-23 15:08:06.434175
